,date,Avril,Decembre,Fevrier,Janvier,Juillet,Juin,Mai,Mars,Novembre,Octobre,Septembre,reel,effectif,nos,ind,prevision,porc,viande,bio,poisson,noel,plat_prepare,laitage,an_chinois
0,2011-01-03,0,0,0,16047,0,0,0,0,0,0,0,10394,16047,16047,0,11319,0,16047,0,0,0,16047,0,0
1,2011-01-04,0,0,0,17373,0,0,0,0,0,0,0,11803,17373,0,0,12558,0,17373,0,0,0,17373,87,0
2,2011-01-06,0,0,0,17373,0,0,0,0,0,0,0,11777,17373,0,0,12753,17373,17373,87,0,0,0,0,0
3,2011-01-07,0,0,0,17373,0,0,0,0,0,0,0,12254,17373,0,0,12812,0,0,0,17373,0,0,87,0
4,2011-01-10,0,0,0,17373,0,0,0,0,0,0,0,11365,17373,0,0,12309,0,0,0,17373,0,17373,87,0
5,2011-01-11,0,0,0,17373,0,0,0,0,0,0,0,11941,17373,0,0,12576,0,17373,87,0,0,17373,0,0
6,2011-01-13,0,0,0,17373,0,0,0,0,0,0,0,11978,17373,0,0,12628,0,17373,87,0,0,17373,0,0
7,2011-01-14,0,0,0,17373,0,0,0,0,0,0,0,12054,17373,0,0,12865,0,0,0,17373,0,17373,87,0
8,2011-01-17,0,0,0,17373,0,0,0,0,0,0,0,11542,17373,0,0,12291,0,17373,0,0,0,17373,87,0
9,2011-01-18,0,0,0,17373,0,0,0,0,0,0,0,11961,17373,0,0,12638,17373,17373,0,0,0,0,87,0
10,2011-01-20,0,0,0,17373,0,0,0,0,0,0,0,11915,17373,0,0,12642,17373,17373,0,0,0,17373,87,0
11,2011-01-21,0,0,0,17373,0,0,0,0,0,0,0,12079,17373,0,0,12746,0,0,0,17373,0,0,87,0
12,2011-01-24,0,0,0,17373,0,0,0,0,0,0,0,11581,17373,0,0,12271,0,0,0,17373,0,17373,87,0
13,2011-01-25,0,0,0,17373,0,0,0,0,0,0,0,11972,17373,0,0,12585,0,17373,0,0,0,0,0,0
14,2011-01-27,0,0,0,17196,0,0,0,0,0,0,0,11750,17196,0,0,12473,0,17196,0,0,0,0,0,0
15,2011-01-28,0,0,0,17373,0,0,0,0,0,0,0,12057,17373,0,0,12767,0,0,0,17373,0,17373,0,0
16,2011-01-31,0,0,0,17373,0,0,0,0,0,0,0,11406,17373,0,0,12185,0,17373,0,0,0,17373,0,0
17,2011-02-01,0,0,17373,0,0,0,0,0,0,0,0,11754,17373,0,0,12605,17373,17373,0,0,0,17373,0,0
18,2011-02-03,0,0,17373,0,0,0,0,0,0,0,0,11788,17373,17373,0,12687,0,17373,0,0,0,0,0,87
19,2011-02-04,0,0,17373,0,0,0,0,0,0,0,0,11990,17373,17373,0,12744,0,0,0,17373,0,17373,87,0
20,2011-02-07,0,0,17373,0,0,0,0,0,0,0,0,11525,17373,0,0,12268,0,17373,0,0,0,0,87,0
21,2011-02-08,0,0,17373,0,0,0,0,0,0,0,0,11914,17373,0,0,12515,17373,17373,0,0,0,17373,87,0
22,2011-02-10,0,0,10636,0,0,0,0,0,0,0,0,7261,10636,42544,0,7971,0,10636,0,0,0,0,54,0
23,2011-02-11,0,0,17373,0,0,0,0,0,0,0,0,12186,17373,69492,0,12842,0,0,0,17373,0,0,0,0
24,2011-02-14,0,0,17373,0,0,0,0,0,0,0,0,11656,17373,0,0,12211,0,17373,0,0,0,0,0,0
25,2011-02-15,0,0,17373,0,0,0,0,0,0,0,0,11984,17373,0,0,12503,17373,17373,0,0,0,0,87,0
26,2011-02-17,0,0,17373,0,0,0,0,0,0,0,0,12016,17373,0,0,12583,17373,17373,0,0,0,17373,87,0
27,2011-02-18,0,0,17373,0,0,0,0,0,0,0,0,12238,17373,0,0,12783,0,0,0,17373,0,0,87,0
28,2011-02-21,0,0,17373,0,0,0,0,0,0,0,0,11548,17373,0,0,11990,0,17373,0,0,0,0,0,0
29,2011-02-22,0,0,17373,0,0,0,0,0,0,0,0,12189,17373,0,0,12604,0,0,87,17373,0,17373,0,0
30,2011-02-24,0,0,17373,0,0,0,0,0,0,0,0,11923,17373,0,0,10625,17373,17373,0,0,0,17373,0,0
31,2011-02-25,0,0,17373,0,0,0,0,0,0,0,0,11983,17373,0,0,12592,0,0,87,0,0,0,0,0
32,2011-03-14,0,0,0,0,0,0,0,17373,0,0,0,11727,17373,0,0,12226,0,17373,0,0,0,0,0,0
33,2011-03-15,0,0,0,0,0,0,0,17373,0,0,0,12185,17373,0,0,12497,17373,17373,87,0,0,0,87,0
34,2011-03-17,0,0,0,0,0,0,0,17373,0,0,0,12269,17373,0,0,12521,0,17373,87,0,0,0,0,0
35,2011-03-18,0,0,0,0,0,0,0,17373,0,0,0,12544,17373,0,0,12857,0,0,0,17373,0,17373,0,0
36,2011-03-21,0,0,0,0,0,0,0,17373,0,0,0,11903,17373,0,0,12222,0,17373,87,0,0,17373,87,0
37,2011-03-22,0,0,0,0,0,0,0,17373,0,0,0,12239,17373,0,0,12453,0,17373,0,0,0,0,87,0
38,2011-03-24,0,0,0,0,0,0,0,17373,0,0,0,12472,17373,0,0,12623,0,0,0,0,0,17373,87,0
39,2011-03-25,0,0,0,0,0,0,0,17373,0,0,0,12406,17373,0,0,12795,0,0,0,17373,0,0,87,0
40,2011-03-28,0,0,0,0,0,0,0,17373,0,0,0,11621,17373,0,17373,12264,0,17373,0,0,0,17373,87,0
41,2011-03-29,0,0,0,0,0,0,0,17373,0,0,0,12170,17373,0,0,12640,0,17373,0,0,0,0,87,0
42,2011-03-31,0,0,0,0,0,0,0,17373,0,0,0,12300,17373,0,0,12650,17373,17373,0,0,0,0,87,0
43,2011-04-01,17373,0,0,0,0,0,0,0,0,0,0,12364,17373,0,0,12727,0,0,0,17373,0,17373,87,0
44,2011-04-04,17373,0,0,0,0,0,0,0,0,0,0,11747,17373,0,0,12233,0,17373,0,0,0,17373,0,0
45,2011-04-05,17373,0,0,0,0,0,0,0,0,0,0,12230,17373,0,0,12546,0,17373,0,0,0,0,87,0
46,2011-04-07,17373,0,0,0,0,0,0,0,0,0,0,12050,17373,0,0,12419,0,17373,87,0,0,0,87,0
47,2011-04-08,17373,0,0,0,0,0,0,0,0,0,0,12259,17373,0,0,12706,0,0,0,17373,0,0,87,0
48,2011-04-11,17373,0,0,0,0,0,0,0,0,0,0,11837,17373,0,0,12383,17373,17373,0,0,0,0,87,0
49,2011-04-12,17373,0,0,0,0,0,0,0,0,0,0,12334,17373,52119,0,12649,0,17373,0,0,0,17373,87,0
50,2011-04-14,17373,0,0,0,0,0,0,0,0,0,0,12190,17373,0,0,12951,17373,17373,87,0,0,0,87,0
51,2011-04-15,17373,0,0,0,0,0,0,0,0,0,0,12420,17373,0,0,12975,0,0,87,17373,0,17373,0,0
52,2011-04-18,17373,0,0,0,0,0,0,0,0,0,0,11726,17373,0,0,12451,17373,17373,0,0,0,17373,87,0
53,2011-04-19,17373,0,0,0,0,0,0,0,0,0,0,12483,17373,0,0,12821,0,0,0,0,0,17373,87,0
54,2011-04-21,17373,0,0,0,0,0,0,0,0,0,0,12327,17373,0,0,12885,0,17373,0,0,0,0,87,0
55,2011-04-22,17373,0,0,0,0,0,0,0,0,0,0,12238,17373,0,0,13006,0,0,0,17373,0,0,0,0
56,2011-05-09,0,0,0,0,0,0,17373,0,0,0,0,11799,17373,0,0,12429,0,17373,0,0,0,0,0,0
57,2011-05-10,0,0,0,0,0,0,17373,0,0,0,0,12442,17373,0,0,12878,0,0,87,17373,0,17373,87,0
58,2011-05-12,0,0,0,0,0,0,17373,0,0,0,0,12240,17373,0,0,12770,17373,17373,87,0,0,0,87,0
59,2011-05-13,0,0,0,0,0,0,17373,0,0,0,0,12092,17373,0,0,12923,0,17373,87,0,0,0,0,0
60,2011-05-16,0,0,0,0,0,0,17373,0,0,0,0,11825,17373,0,17373,12497,0,0,0,17373,0,0,87,0
61,2011-05-17,0,0,0,0,0,0,17373,0,0,0,0,12260,17373,0,0,12691,0,17373,0,0,0,0,87,0
62,2011-05-19,0,0,0,0,0,0,17270,0,0,0,0,12154,17270,0,0,12665,0,17270,0,0,0,17270,0,0
63,2011-05-20,0,0,0,0,0,0,17373,0,0,0,0,12262,17373,0,0,12862,0,0,87,0,0,17373,0,0
64,2011-05-23,0,0,0,0,0,0,17287,0,0,0,0,11696,17287,0,0,12358,0,17287,86,0,0,17287,0,0
65,2011-05-24,0,0,0,0,0,0,17373,0,0,0,0,12254,17373,0,0,12811,0,17373,0,0,0,0,87,0
66,2011-05-26,0,0,0,0,0,0,17373,0,0,0,0,12160,17373,0,0,12935,17373,17373,87,0,0,0,87,0
67,2011-05-27,0,0,0,0,0,0,17373,0,0,0,0,12199,17373,0,0,12936,0,0,87,17373,0,0,0,0
68,2011-05-30,0,0,0,0,0,0,17373,0,0,0,0,11792,17373,0,0,12420,17373,17373,0,0,0,0,87,0
69,2011-06-06,0,0,0,0,0,17373,0,0,0,0,0,11577,17373,0,0,12213,17373,17373,87,0,0,0,87,0
70,2011-06-07,0,0,0,0,0,17373,0,0,0,0,0,11997,17373,0,0,12434,0,17373,0,0,0,0,0,0
71,2011-06-09,0,0,0,0,0,17373,0,0,0,0,0,11850,17373,0,0,12260,0,17373,0,0,0,17373,87,0
72,2011-06-10,0,0,0,0,0,17172,0,0,0,0,0,11784,17172,0,0,12458,0,0,85,17172,0,0,85,0
73,2011-06-14,0,0,0,0,0,17373,0,0,0,0,0,12067,17373,0,0,12597,0,0,0,17373,0,17373,0,0
74,2011-06-16,0,0,0,0,0,17373,0,0,0,0,0,11847,17373,0,0,12360,0,17373,0,0,0,17373,0,0
75,2011-06-17,0,0,0,0,0,17373,0,0,0,0,0,12181,17373,0,0,12459,0,0,87,0,0,17373,87,0
76,2011-06-20,0,0,0,0,0,17373,0,0,0,0,0,11255,17373,0,0,11801,0,17373,0,0,0,0,87,0
77,2011-06-21,0,0,0,0,0,17191,0,0,0,0,0,11522,17191,0,0,11855,0,17191,0,0,0,0,0,0
78,2011-06-23,0,0,0,0,0,17179,0,0,0,0,0,11630,17179,0,0,12245,17179,17179,0,0,0,17179,85,0
79,2011-06-24,0,0,0,0,0,17307,0,0,0,0,0,11955,17307,0,0,12495,0,0,0,17307,0,17307,0,0
80,2011-06-27,0,0,0,0,0,17270,0,0,0,0,0,11037,17270,0,0,11554,0,17270,0,0,0,0,86,0
81,2011-06-28,0,0,0,0,0,17257,0,0,0,0,0,11041,17257,0,0,11256,0,17257,0,0,0,0,86,0
82,2011-06-30,0,0,0,0,0,17182,0,0,0,0,0,11122,17182,68728,0,11819,0,0,0,17182,0,17182,86,0
83,2011-07-01,0,0,0,0,17373,0,0,0,0,0,0,11511,17373,69492,0,12465,0,17373,0,0,0,0,0,0
84,2011-09-05,0,0,0,0,0,0,0,0,0,0,17660,11106,17660,0,0,10399,0,17660,0,0,0,17660,0,0
85,2011-09-06,0,0,0,0,0,0,0,0,0,0,17660,11897,17660,0,0,11720,0,17660,0,0,0,0,87,0
86,2011-09-08,0,0,0,0,0,0,0,0,0,0,17660,12127,17660,0,0,12022,0,17660,0,0,0,17660,87,0
87,2011-09-09,0,0,0,0,0,0,0,0,0,0,17660,12315,17660,0,0,12117,0,0,87,17660,0,17660,0,0
88,2011-09-12,0,0,0,0,0,0,0,0,0,0,17660,11768,17660,0,0,11949,17660,17660,87,0,0,0,87,0
89,2011-09-13,0,0,0,0,0,0,0,0,0,0,17660,12221,17660,0,0,12240,0,17660,87,0,0,17660,87,0
90,2011-09-15,0,0,0,0,0,0,0,0,0,0,17660,12191,17660,0,0,12420,17660,17660,0,0,0,0,87,0
91,2011-09-16,0,0,0,0,0,0,0,0,0,0,17660,12529,17660,0,0,12413,0,0,0,17660,0,0,0,0
92,2011-09-19,0,0,0,0,0,0,0,0,0,0,17660,11712,17660,0,0,12316,0,17660,0,0,0,0,87,0
93,2011-09-22,0,0,0,0,0,0,0,0,0,0,17660,12196,17660,0,0,12597,0,17660,0,0,0,0,0,0
94,2011-09-23,0,0,0,0,0,0,0,0,0,0,17660,12525,17660,0,0,12848,0,0,0,17660,0,0,87,0
95,2011-09-26,0,0,0,0,0,0,0,0,0,0,17660,11833,17660,0,0,12302,0,17660,0,0,0,17660,0,0
96,2011-09-29,0,0,0,0,0,0,0,0,0,0,17660,12330,17660,0,0,12909,17660,17660,87,0,0,17660,87,0
97,2011-09-30,0,0,0,0,0,0,0,0,0,0,17660,12626,17660,0,0,12885,0,0,87,17660,0,17660,0,0
98,2011-10-03,0,0,0,0,0,0,0,0,0,17660,0,11831,17660,0,0,12292,0,17660,87,0,0,0,87,0
99,2011-10-04,0,0,0,0,0,0,0,0,0,17660,0,12419,17660,0,0,12668,0,17660,87,0,0,0,87,0
100,2011-10-06,0,0,0,0,0,0,0,0,0,17660,0,12482,17660,0,0,12849,0,0,0,0,0,17660,87,0
101,2011-10-07,0,0,0,0,0,0,0,0,0,17660,0,12610,17660,0,0,12857,0,0,0,17660,0,0,87,0
102,2011-10-10,0,0,0,0,0,0,0,0,0,17660,0,12080,17660,35320,0,12584,17660,17660,0,0,0,0,0,0
103,2011-10-13,0,0,0,0,0,0,0,0,0,17660,0,12377,17660,0,0,12706,0,17660,87,0,0,0,0,0
104,2011-10-14,0,0,0,0,0,0,0,0,0,17660,0,12706,17660,0,0,13082,0,0,0,17660,0,17660,87,0
105,2011-10-17,0,0,0,0,0,0,0,0,0,17660,0,11817,17660,0,0,12421,0,0,87,17660,0,0,0,0
106,2011-10-18,0,0,0,0,0,0,0,0,0,17660,0,12308,17660,0,0,12671,0,17660,0,0,0,0,87,0
107,2011-10-20,0,0,0,0,0,0,0,0,0,17660,0,12266,17660,0,0,12738,17660,17660,87,0,0,0,87,0
108,2011-10-21,0,0,0,0,0,0,0,0,0,17660,0,12556,17660,0,0,13078,0,0,87,17660,0,17660,87,0
109,2011-11-03,0,0,0,0,0,0,0,0,17660,0,0,12262,17660,0,0,12843,0,17660,0,0,0,17660,87,0
110,2011-11-04,0,0,0,0,0,0,0,0,17660,0,0,12708,17660,0,0,13143,0,0,0,17660,0,0,87,0
111,2011-11-07,0,0,0,0,0,0,0,0,17660,0,0,12075,17660,52980,0,12596,0,17660,87,0,0,17660,0,0
112,2011-11-08,0,0,0,0,0,0,0,0,17660,0,0,12781,17660,52980,0,13250,0,0,0,17660,0,0,87,0
113,2011-11-10,0,0,0,0,0,0,0,0,17660,0,0,12394,17660,0,17660,12932,0,17660,0,0,0,0,87,0
114,2011-11-14,0,0,0,0,0,0,0,0,17660,0,0,12077,17660,0,0,12577,0,17660,0,0,0,0,0,0
115,2011-11-15,0,0,0,0,0,0,0,0,17660,0,0,12398,17660,0,0,12785,17660,17660,0,0,0,0,87,0
116,2011-11-17,0,0,0,0,0,0,0,0,17660,0,0,12356,17660,0,0,12866,0,0,0,0,0,0,87,0
117,2011-11-18,0,0,0,0,0,0,0,0,17660,0,0,12551,17660,0,0,13208,0,0,0,17660,0,17660,0,0
118,2011-11-21,0,0,0,0,0,0,0,0,17660,0,0,11921,17660,17660,0,12502,0,0,87,0,0,0,0,0
119,2011-11-22,0,0,0,0,0,0,0,0,17660,0,0,12461,17660,17660,0,12825,0,17660,0,0,0,0,87,0
120,2011-11-24,0,0,0,0,0,0,0,0,17660,0,0,12370,17660,17660,0,13006,17660,17660,0,0,0,17660,87,0
121,2011-11-25,0,0,0,0,0,0,0,0,17660,0,0,12639,17660,17660,0,13159,0,0,87,17660,0,17660,87,0
122,2011-11-29,0,0,0,0,0,0,0,0,17660,0,0,12374,17660,17660,0,12866,0,17660,0,0,0,0,87,0
123,2011-12-01,0,17660,0,0,0,0,0,0,0,0,0,12461,17660,17660,0,12950,17660,17660,0,0,0,0,0,0
124,2011-12-02,0,17660,0,0,0,0,0,0,0,0,0,12573,17660,17660,0,13123,0,0,0,0,0,17660,87,0
125,2011-12-05,0,17660,0,0,0,0,0,0,0,0,0,12019,17660,17660,0,12617,0,17660,0,0,0,0,87,0
126,2011-12-06,0,17660,0,0,0,0,0,0,0,0,0,12491,17660,17660,0,12901,17660,17660,87,0,0,17660,87,0
127,2011-12-09,0,17660,0,0,0,0,0,0,0,0,0,12715,17660,0,0,13217,0,0,0,17660,0,0,87,0
128,2011-12-12,0,17660,0,0,0,0,0,0,0,0,0,12566,17660,17660,0,13886,0,17660,0,0,17660,0,0,0
129,2011-12-16,0,17660,0,0,0,0,0,0,0,0,0,12669,17660,17660,0,13152,0,0,0,17660,0,17660,0,0
130,2012-01-03,0,0,0,17477,0,0,0,0,0,0,0,12013,17477,17477,0,12707,0,17477,0,0,0,17477,0,0
131,2012-01-05,0,0,0,17477,0,0,0,0,0,0,0,12290,17477,0,0,12817,17477,17477,0,0,0,0,86,0
132,2012-01-06,0,0,0,17477,0,0,0,0,0,0,0,12860,17477,0,0,13117,0,0,0,17477,0,0,86,0
133,2012-01-09,0,0,0,17477,0,0,0,0,0,0,0,12007,17477,0,0,12459,0,0,0,17477,0,17477,86,0
134,2012-01-10,0,0,0,17477,0,0,0,0,0,0,0,12377,17477,0,0,12627,0,17477,0,0,0,17477,86,0
135,2012-01-12,0,0,0,17477,0,0,0,0,0,0,0,12581,17477,0,0,12771,0,17477,86,0,0,17477,0,0
136,2012-01-13,0,0,0,17477,0,0,0,0,0,0,0,12716,17477,0,0,13057,0,0,0,17477,0,17477,86,0
137,2012-01-16,0,0,0,17477,0,0,0,0,0,0,0,11958,17477,0,0,12433,0,17477,0,0,0,17477,86,0
138,2012-01-17,0,0,0,17477,0,0,0,0,0,0,0,12407,17477,0,0,12829,17477,17477,86,0,0,0,0,0
139,2012-01-19,0,0,0,17477,0,0,0,0,0,0,0,12373,17477,0,0,12812,17477,17477,0,0,0,0,86,0
140,2012-01-20,0,0,0,17477,0,0,0,0,0,0,0,12683,17477,0,0,13067,0,0,0,17477,0,17477,86,0
141,2012-01-23,0,0,0,17477,0,0,0,0,0,0,0,11912,17477,0,0,12697,0,17477,0,0,0,17477,0,86
142,2012-01-24,0,0,0,17477,0,0,0,0,0,0,0,12601,17477,0,0,13057,0,0,86,17477,0,0,86,0
143,2012-01-26,0,0,0,17477,0,0,0,0,0,0,0,12359,17477,0,0,12849,0,17477,0,0,0,17477,86,0
144,2012-01-27,0,0,0,17477,0,0,0,0,0,0,0,12602,17477,0,0,13258,0,0,0,17477,0,17477,86,0
145,2012-01-30,0,0,0,17477,0,0,0,0,0,0,0,11898,17477,0,0,12538,0,17477,0,0,0,17477,0,0
146,2012-02-02,0,0,17477,0,0,0,0,0,0,0,0,12142,17477,0,17477,12886,0,17477,86,0,0,17477,86,0
147,2012-02-03,0,0,17477,0,0,0,0,0,0,0,0,12502,17477,0,0,13262,0,0,86,17477,0,0,86,0
148,2012-02-06,0,0,17477,0,0,0,0,0,0,0,0,11787,17477,0,0,12566,0,17477,0,0,0,17477,0,0
149,2012-02-07,0,0,17477,0,0,0,0,0,0,0,0,12324,17477,0,0,12841,17477,17477,0,0,0,0,0,0
150,2012-02-09,0,0,17477,0,0,0,0,0,0,0,0,12112,17477,0,0,12922,0,17477,0,0,0,0,0,0
151,2012-02-10,0,0,17477,0,0,0,0,0,0,0,0,12294,17477,0,0,13311,0,0,0,17477,0,0,0,0
152,2012-02-27,0,0,17477,0,0,0,0,0,0,0,0,11905,17477,0,0,12502,0,17477,0,0,0,0,0,0
153,2012-02-28,0,0,17477,0,0,0,0,0,0,0,0,12417,17477,23241,0,12938,0,17477,86,0,0,0,0,0
154,2012-03-01,0,0,0,0,0,0,0,17477,0,0,0,12434,17477,23241,0,12926,17477,17477,0,0,0,17477,86,0
155,2012-03-02,0,0,0,0,0,0,0,17477,0,0,0,12613,17477,0,0,13253,0,0,86,17477,0,17477,86,0
156,2012-03-05,0,0,0,0,0,0,0,17477,0,0,0,11894,17477,0,0,12565,0,17477,0,0,0,0,0,0
157,2012-03-06,0,0,0,0,0,0,0,17477,0,0,0,12353,17477,0,0,12894,0,17477,0,0,0,0,86,0
158,2012-03-08,0,0,0,0,0,0,0,17477,0,0,0,12331,17477,0,0,12998,0,17477,86,0,0,17477,0,0
159,2012-03-09,0,0,0,0,0,0,0,17477,0,0,0,12673,17477,0,0,13264,0,0,0,17477,0,0,86,0
160,2012-03-12,0,0,0,0,0,0,0,17477,0,0,0,11953,17477,0,0,12550,0,17477,86,0,0,17477,0,0
161,2012-03-13,0,0,0,0,0,0,0,17477,0,0,0,12235,17477,0,0,12848,17477,17477,86,0,0,0,86,0
162,2012-03-15,0,0,0,0,0,0,0,17477,0,0,0,12265,17477,0,0,12898,17477,17477,0,0,0,0,86,0
163,2012-03-16,0,0,0,0,0,0,0,17477,0,0,0,12596,17477,0,0,13252,0,0,0,17477,0,17477,0,0
164,2012-03-19,0,0,0,0,0,0,0,17477,0,0,0,12156,17477,0,0,12712,0,0,0,0,0,17477,0,0
165,2012-03-20,0,0,0,0,0,0,0,17477,0,0,0,12234,17477,0,0,12628,0,17477,0,0,0,0,86,0
166,2012-03-22,0,0,0,0,0,0,0,17477,0,0,0,12166,17477,0,0,12901,17477,17477,0,0,0,17477,86,0
167,2012-03-23,0,0,0,0,0,0,0,17477,0,0,0,12585,17477,0,0,13145,0,0,0,17477,0,17477,86,0
168,2012-03-26,0,0,0,0,0,0,0,17477,0,0,0,11797,17477,0,0,12480,0,17477,0,0,0,17477,0,0
169,2012-03-27,0,0,0,0,0,0,0,17477,0,0,0,12359,17477,0,17477,12797,0,17477,0,0,0,17477,86,0
170,2012-03-29,0,0,0,0,0,0,0,17477,0,0,0,12129,17477,0,0,12911,17477,17477,0,0,0,0,86,0
171,2012-03-30,0,0,0,0,0,0,0,17477,0,0,0,12587,17477,17477,0,13192,0,0,0,17477,0,17477,86,0
172,2012-04-02,17477,0,0,0,0,0,0,0,0,0,0,12035,17477,43676,0,12514,0,17477,86,0,0,0,0,0
173,2012-04-03,17477,0,0,0,0,0,0,0,0,0,0,12448,17477,34954,0,12786,17477,17477,0,0,0,17477,86,0
174,2012-04-05,17359,0,0,0,0,0,0,0,0,0,0,12329,17359,17359,0,12811,0,17359,85,0,0,0,85,0
175,2012-04-06,17477,0,0,0,0,0,0,0,0,0,0,12545,17477,17477,0,13231,0,0,0,17477,0,0,86,0
176,2012-04-23,17477,0,0,0,0,0,0,0,0,0,0,12086,17477,17477,0,12524,0,17477,0,0,0,17477,0,0
177,2012-04-24,17477,0,0,0,0,0,0,0,0,0,0,12455,17477,17477,0,12747,0,17477,0,0,0,0,86,0
178,2012-04-26,17477,0,0,0,0,0,0,0,0,0,0,12501,17477,17477,0,12964,17477,17477,0,0,0,17477,86,0
179,2012-04-27,17477,0,0,0,0,0,0,0,0,0,0,12829,17477,17477,0,13283,0,0,0,17477,0,0,86,0
180,2012-04-30,17477,0,0,0,0,0,0,0,0,0,0,11192,17477,17477,0,12690,17477,17477,86,0,0,17477,0,0
181,2012-05-03,0,0,0,0,0,0,17477,0,0,0,0,12586,17477,17477,0,12955,0,17477,0,0,0,0,0,0
182,2012-05-04,0,0,0,0,0,0,17477,0,0,0,0,12667,17477,17477,0,13151,0,0,0,17477,0,0,86,0
183,2012-05-07,0,0,0,0,0,0,17477,0,0,0,0,11107,17477,17477,0,12560,0,17477,0,0,0,0,0,0
184,2012-05-10,0,0,0,0,0,0,17477,0,0,0,0,12365,17477,17477,0,12869,17477,17477,86,0,0,0,0,0
185,2012-05-11,0,0,0,0,0,0,17477,0,0,0,0,12717,17477,17477,0,13255,0,0,86,17477,0,17477,86,0
186,2012-05-14,0,0,0,0,0,0,17477,0,0,0,0,12188,17477,17477,0,12798,0,0,0,17477,0,0,86,0
187,2012-05-15,0,0,0,0,0,0,17477,0,0,0,0,12446,17477,17477,0,12702,0,17477,0,0,0,0,86,0
188,2012-05-21,0,0,0,0,0,0,17477,0,0,0,0,11980,17477,17477,0,12566,0,17477,0,0,0,17477,0,0
189,2012-05-22,0,0,0,0,0,0,17477,0,0,0,0,12365,17477,17477,0,12625,0,17477,0,0,0,17477,86,0
190,2012-05-24,0,0,0,0,0,0,17372,0,0,0,0,12390,17372,17372,0,12785,17372,17372,85,0,0,0,85,0
191,2012-05-25,0,0,0,0,0,0,17477,0,0,0,0,12778,17477,17477,0,13232,0,0,0,17477,0,0,86,0
192,2012-05-29,0,0,0,0,0,0,17477,0,0,0,0,12382,17477,17477,0,12352,0,17477,0,0,0,0,0,0
193,2012-05-31,0,0,0,0,0,0,17477,0,0,0,0,12286,17477,17477,0,12773,0,17477,0,0,0,0,86,0
194,2012-06-01,0,0,0,0,0,17477,0,0,0,0,0,12607,17477,17477,0,13254,0,0,0,17477,0,17477,86,0
195,2012-06-04,0,0,0,0,0,17477,0,0,0,0,0,12092,17477,17477,0,12656,17477,17477,86,0,0,17477,0,0
196,2012-06-05,0,0,0,0,0,17477,0,0,0,0,0,12251,17477,17477,0,12909,0,17477,0,0,0,0,86,0
197,2012-06-07,0,0,0,0,0,17477,0,0,0,0,0,12399,17477,26199,0,12882,0,17477,0,0,0,0,86,0
198,2012-06-08,0,0,0,0,0,17477,0,0,0,0,0,12741,17477,26199,0,13379,0,0,86,17477,0,0,86,0
199,2012-06-11,0,0,0,0,0,17477,0,0,0,0,0,11915,17477,17477,0,12610,17477,17477,86,0,0,17477,86,0
200,2012-06-12,0,0,0,0,0,17477,0,0,0,0,0,12376,17477,17477,0,12687,0,0,0,17477,0,0,86,0
201,2012-06-14,0,0,0,0,0,17477,0,0,0,0,0,12389,17477,17477,0,12879,0,17477,0,0,0,17477,0,0
202,2012-06-15,0,0,0,0,0,17477,0,0,0,0,0,12515,17477,17477,0,13213,0,0,86,0,0,17477,86,0
203,2012-06-18,0,0,0,0,0,17477,0,0,0,0,0,11728,17477,17477,0,12458,0,17477,0,0,0,17477,0,0
204,2012-06-19,0,0,0,0,0,17477,0,0,0,0,0,11749,17477,17477,0,12572,0,17477,86,0,0,0,86,0
205,2012-06-21,0,0,0,0,0,17477,0,0,0,0,0,12127,17477,17477,0,12637,17477,17477,0,0,0,0,0,0
206,2012-06-22,0,0,0,0,0,17477,0,0,0,0,0,12357,17477,17477,0,13192,0,0,0,17477,0,17477,86,0
207,2012-06-25,0,0,0,0,0,17477,0,0,0,0,0,11648,17477,17477,0,12362,0,17477,0,0,0,0,86,0
208,2012-06-26,0,0,0,0,0,17403,0,0,0,0,0,11868,17403,17403,17403,12486,0,17403,0,0,0,17403,0,0
209,2012-06-28,0,0,0,0,0,17408,0,0,0,0,0,11948,17408,17408,0,12688,17408,17408,85,0,0,0,85,0
210,2012-06-29,0,0,0,0,0,17477,0,0,0,0,0,12000,17477,17477,0,13064,0,0,0,17477,0,0,86,0
211,2012-07-02,0,0,0,0,17345,0,0,0,0,0,0,10977,17345,17345,0,11400,0,17345,0,0,0,17345,85,0
212,2012-07-03,0,0,0,0,17477,0,0,0,0,0,0,11210,17477,34954,0,11400,17477,17477,86,0,0,0,86,0
213,2012-07-05,0,0,0,0,17477,0,0,0,0,0,0,11630,17477,17477,0,13057,0,17477,0,0,0,0,0,0
214,2012-09-04,0,0,0,0,0,0,0,0,0,0,17478,11326,17478,17478,0,10731,0,17478,85,0,0,17478,85,0
215,2012-09-06,0,0,0,0,0,0,0,0,0,0,17478,11914,17478,17478,0,12242,0,0,85,0,0,17478,0,0
216,2012-09-07,0,0,0,0,0,0,0,0,0,0,17478,12272,17478,17478,0,12674,0,0,0,17478,0,0,85,0
217,2012-09-10,0,0,0,0,0,0,0,0,0,0,17478,11948,17478,17478,0,13134,0,0,0,0,0,0,0,0
218,2012-09-11,0,0,0,0,0,0,0,0,0,0,17478,12172,17478,17478,0,12546,0,17478,0,0,0,0,85,0
219,2012-09-13,0,0,0,0,0,0,0,0,0,0,17478,12178,17478,17478,0,12635,0,17478,0,0,0,17478,85,0
220,2012-09-14,0,0,0,0,0,0,0,0,0,0,17478,12512,17478,17478,0,13034,0,0,0,17478,0,0,85,0
221,2012-09-17,0,0,0,0,0,0,0,0,0,0,17478,11826,17478,17478,0,12487,0,17478,0,0,0,17478,0,0
222,2012-09-18,0,0,0,0,0,0,0,0,0,0,17478,12525,17478,17478,0,13075,0,0,0,17478,0,0,0,0
223,2012-09-20,0,0,0,0,0,0,0,0,0,0,17478,12123,17478,17478,0,12815,0,17478,0,0,0,17478,85,0
224,2012-09-21,0,0,0,0,0,0,0,0,0,0,17478,12578,17478,17478,0,13159,0,0,0,17478,0,17478,0,0
225,2012-09-24,0,0,0,0,0,0,0,0,0,0,17478,12135,17478,17478,0,12880,0,0,85,17478,0,0,85,0
226,2012-09-25,0,0,0,0,0,0,0,0,0,0,17478,12327,17478,17478,0,12878,0,17478,85,0,0,0,0,0
227,2012-09-27,0,0,0,0,0,0,0,0,0,0,17478,12335,17478,17478,0,12921,0,17478,0,0,0,17478,85,0
228,2012-09-28,0,0,0,0,0,0,0,0,0,0,17478,12526,17478,17478,0,13120,0,0,85,0,0,17478,0,0
229,2012-10-01,0,0,0,0,0,0,0,0,0,17561,0,12042,17561,17561,0,12781,0,17561,0,0,0,17561,86,0
230,2012-10-02,0,0,0,0,0,0,0,0,0,17561,0,12363,17561,17561,0,13050,17561,17561,0,0,0,0,86,0
231,2012-10-04,0,0,0,0,0,0,0,0,0,17561,0,12809,17561,17561,0,13323,0,0,86,17561,0,0,86,0
232,2012-10-05,0,0,0,0,0,0,0,0,0,17561,0,12664,17561,17561,0,13231,0,0,0,0,0,17561,0,0
233,2012-10-08,0,0,0,0,0,0,0,0,0,17561,0,12444,17561,17561,0,12961,0,0,0,17561,0,17561,0,0
234,2012-10-09,0,0,0,0,0,0,0,0,0,17561,0,12432,17561,17561,0,12939,0,17561,86,0,0,17561,0,0
235,2012-10-11,0,0,0,0,0,0,0,0,0,17561,0,12418,17561,17561,0,13019,0,17561,86,0,0,0,86,0
236,2012-10-12,0,0,0,0,0,0,0,0,0,17561,0,12756,17561,17561,0,13314,0,0,86,17561,0,0,86,0
237,2012-10-15,0,0,0,0,0,0,0,0,0,17561,0,12026,17561,17561,0,12758,0,17561,0,0,0,0,86,0
238,2012-10-16,0,0,0,0,0,0,0,0,0,17561,0,12334,17561,17561,0,13052,17561,17561,86,0,0,0,0,0
239,2012-10-18,0,0,0,0,0,0,0,0,0,17561,0,12481,17561,17561,0,13016,0,17561,86,0,0,0,86,0
240,2012-10-19,0,0,0,0,0,0,0,0,0,17561,0,12810,17561,17561,0,13303,0,0,0,17561,0,17561,0,0
241,2012-10-22,0,0,0,0,0,0,0,0,0,17561,0,11980,17561,17561,0,12670,0,17561,0,0,0,17561,86,0
242,2012-10-23,0,0,0,0,0,0,0,0,0,17561,0,12802,17561,17561,0,13278,0,0,0,17561,0,0,0,0
243,2012-10-25,0,0,0,0,0,0,0,0,0,17561,0,12338,17561,57040,0,13193,17561,17561,0,0,0,0,86,0
244,2012-10-26,0,0,0,0,0,0,0,0,0,17561,0,11757,17561,57040,0,13307,0,0,0,17561,0,17561,86,0
245,2012-11-12,0,0,0,0,0,0,0,0,17561,0,0,12213,17561,17561,0,12779,0,17561,0,0,0,17561,86,0
246,2012-11-13,0,0,0,0,0,0,0,0,17561,0,0,12954,17561,17561,0,13263,0,0,0,17561,0,0,0,0
247,2012-11-15,0,0,0,0,0,0,0,0,17561,0,0,12587,17561,17561,0,13050,0,17561,0,0,0,17561,86,0
248,2012-11-16,0,0,0,0,0,0,0,0,17561,0,0,12983,17561,17561,0,13388,0,0,86,17561,0,0,86,0
249,2012-11-19,0,0,0,0,0,0,0,0,17561,0,0,12473,17561,17561,0,12999,0,0,0,17561,0,0,86,0
250,2012-11-20,0,0,0,0,0,0,0,0,17561,0,0,12350,17561,17561,0,12897,0,17561,86,0,0,17561,86,0
251,2012-11-22,0,0,0,0,0,0,0,0,17561,0,0,12593,17561,17561,0,13108,0,17561,86,0,0,0,0,0
252,2012-11-23,0,0,0,0,0,0,0,0,17561,0,0,12737,17561,17561,0,13255,0,0,86,0,0,17561,86,0
253,2012-11-26,0,0,0,0,0,0,0,0,17561,0,0,12096,17561,17561,0,12758,0,17561,0,0,0,17561,86,0
254,2012-11-27,0,0,0,0,0,0,0,0,17561,0,0,12457,17561,17561,0,13033,17561,17561,0,0,0,17561,0,0
255,2012-11-29,0,0,0,0,0,0,0,0,17561,0,0,12817,17561,17561,0,13372,0,0,86,17561,0,0,0,0
256,2012-11-30,0,0,0,0,0,0,0,0,17561,0,0,12648,17561,17561,0,13292,0,0,0,0,0,17561,86,0
257,2012-12-03,0,17561,0,0,0,0,0,0,0,0,0,12451,17561,17561,0,13283,0,0,0,17561,0,0,86,0
258,2012-12-04,0,17430,0,0,0,0,0,0,0,0,0,12193,17430,17430,0,13061,0,17430,85,0,0,0,85,0
259,2012-12-06,0,17561,0,0,0,0,0,0,0,0,0,12320,17561,17561,0,13176,0,17561,86,0,0,17561,0,0
260,2012-12-07,0,17561,0,0,0,0,0,0,0,0,0,12601,17561,17561,0,13509,0,0,86,17561,0,0,86,0
261,2012-12-10,0,17561,0,0,0,0,0,0,0,0,0,12008,17561,17561,0,12954,0,17561,0,0,0,17561,0,0
262,2012-12-11,0,17561,0,0,0,0,0,0,0,0,0,12258,17561,17561,0,13066,17561,17561,86,0,0,0,86,0
263,2012-12-13,0,17561,0,0,0,0,0,0,0,0,0,12271,17561,17561,0,13198,0,17561,86,0,0,0,86,0
264,2012-12-14,0,17561,0,0,0,0,0,0,0,0,0,12575,17561,17561,0,13423,0,0,86,17561,0,17561,0,0
265,2012-12-17,0,17561,0,0,0,0,0,0,0,0,0,11884,17561,17561,0,12935,17561,17561,0,0,0,0,86,0
266,2012-12-18,0,17561,0,0,0,0,0,0,0,0,0,12662,17561,17561,0,13459,0,0,0,17561,0,0,86,0
267,2012-12-20,0,17561,0,0,0,0,0,0,0,0,0,12987,17561,17561,0,14293,0,17561,0,0,17561,0,0,0
268,2012-12-21,0,17561,0,0,0,0,0,0,0,0,0,12309,17561,17561,0,13256,0,0,0,0,0,17561,86,0
269,2013-01-07,0,0,0,17842,0,0,0,0,0,0,0,12318,17842,0,0,13090,0,17842,0,0,0,17842,0,0
270,2013-01-08,0,0,0,17842,0,0,0,0,0,0,0,12827,17842,0,0,13506,0,0,0,17842,0,0,0,0
271,2013-01-10,0,0,0,17842,0,0,0,0,0,0,0,12865,17842,0,0,13422,0,17842,0,0,0,0,0,0
272,2013-01-11,0,0,0,17842,0,0,0,0,0,0,0,13166,17842,0,0,13662,0,0,0,17842,0,0,87,0
273,2013-09-03,0,0,0,0,0,0,0,0,0,0,18243,11746,18243,18243,0,11398,0,18243,0,0,0,18243,87,0
274,2013-09-05,0,0,0,0,0,0,0,0,0,0,18243,12519,18243,18243,0,12883,0,18243,0,0,0,0,87,0
275,2013-09-06,0,0,0,0,0,0,0,0,0,0,18243,12878,18243,18243,0,13345,0,0,0,18243,0,18243,87,0
276,2013-09-09,0,0,0,0,0,0,0,0,0,0,18243,12521,18243,27343,0,13049,0,18243,0,0,0,18243,87,0
277,2013-09-12,0,0,0,0,0,0,0,0,0,0,18243,13012,18243,18243,0,13287,0,18243,0,0,0,0,0,0
278,2013-09-13,0,0,0,0,0,0,0,0,0,0,18243,13113,18243,18243,0,13482,0,0,0,18243,0,18243,0,0
279,2013-09-16,0,0,0,0,0,0,0,0,0,0,18243,12508,18243,18243,0,13084,0,18243,0,0,0,18243,0,0
280,2013-09-17,0,0,0,0,0,0,0,0,0,0,18243,12812,18243,18243,0,13366,0,18243,0,0,0,18243,87,0
281,2013-09-19,0,0,0,0,0,0,0,0,0,0,18243,12842,18243,18243,0,13447,18243,18243,87,0,0,0,0,0
282,2013-09-20,0,0,0,0,0,0,0,0,0,0,18243,13216,18243,18243,0,13538,0,0,0,18243,0,0,87,0
283,2013-09-23,0,0,0,0,0,0,0,0,0,0,17754,12222,17754,17754,0,12766,0,17754,0,0,0,17754,0,0
284,2013-09-24,0,0,0,0,0,0,0,0,0,0,17754,12520,17754,17754,0,12914,0,17754,85,0,0,0,85,0
285,2013-09-26,0,0,0,0,0,0,0,0,0,0,17754,12573,17754,17754,0,12983,0,17754,85,0,0,0,85,0
286,2013-09-27,0,0,0,0,0,0,0,0,0,0,17754,12923,17754,17754,0,13379,0,0,0,17754,0,17754,85,0
287,2013-09-30,0,0,0,0,0,0,0,0,0,0,18243,12485,18243,18243,0,13327,18243,18243,0,0,0,0,87,0
288,2013-10-01,0,0,0,0,0,0,0,0,0,18243,0,13296,18243,18243,0,13649,0,0,0,18243,0,18243,0,0
289,2013-10-03,0,0,0,0,0,0,0,0,0,18243,0,12902,18243,18243,0,13241,0,18243,87,0,0,0,87,0
290,2013-10-04,0,0,0,0,0,0,0,0,0,18243,0,13309,18243,18243,0,13828,0,0,0,0,0,18243,87,0
291,2013-10-07,0,0,0,0,0,0,0,0,0,18243,0,12506,18243,18243,0,13043,0,18243,0,0,0,18243,87,0
292,2013-10-08,0,0,0,0,0,0,0,0,0,18243,0,12900,18243,22765,0,13272,18243,18243,0,0,0,18243,0,0
293,2013-11-04,0,0,0,0,0,0,0,0,18243,0,0,12463,18243,18243,0,13346,18243,18243,0,0,0,0,87,0
294,2013-11-05,0,0,0,0,0,0,0,0,18243,0,0,12885,18243,18243,0,13594,0,18243,0,0,0,18243,87,0
295,2013-11-07,0,0,0,0,0,0,0,0,18243,0,0,13092,18243,18243,0,13598,0,18243,0,0,0,18243,0,0
296,2013-11-08,0,0,0,0,0,0,0,0,18243,0,0,13397,18243,18243,0,13997,0,0,0,0,0,18243,87,0
297,2013-11-12,0,0,0,0,0,0,0,0,18243,0,0,12923,18243,18243,0,13403,0,18243,0,0,0,0,0,0
298,2013-11-21,0,0,0,0,0,0,0,0,18243,0,0,12925,18243,18243,18243,13505,0,18243,87,0,0,0,0,0
299,2013-11-22,0,0,0,0,0,0,0,0,18243,0,0,13229,18243,18243,18243,13731,0,0,0,0,0,18243,0,0
300,2013-11-25,0,0,0,0,0,0,0,0,18243,0,0,12519,18243,18243,0,13312,0,18243,87,0,0,0,87,0
301,2013-11-28,0,0,0,0,0,0,0,0,18243,0,0,12887,18243,18243,0,13683,18243,18243,0,0,0,18243,87,0
302,2013-11-29,0,0,0,0,0,0,0,0,18243,0,0,13335,18243,18243,0,13818,0,0,87,18243,0,18243,87,0
303,2013-12-02,0,18243,0,0,0,0,0,0,0,0,0,12533,18243,18243,18243,13347,0,18243,0,0,0,18243,0,0
304,2013-12-03,0,18243,0,0,0,0,0,0,0,0,0,12946,18243,18243,0,13557,0,18243,0,0,0,0,87,0
305,2013-12-09,0,18243,0,0,0,0,0,0,0,0,0,12791,18243,18243,0,13365,0,18243,87,0,0,18243,87,0
306,2013-12-10,0,18243,0,0,0,0,0,0,0,0,0,13404,18243,18243,0,13831,0,0,87,18243,0,18243,0,0
307,2013-12-12,0,18243,0,0,0,0,0,0,0,0,0,13038,18243,42511,0,13596,0,18243,0,0,0,18243,87,0
308,2013-12-13,0,18243,0,0,0,0,0,0,0,0,0,13279,18243,42511,0,13943,0,0,0,0,0,18243,0,0
309,2013-12-16,0,18243,0,0,0,0,0,0,0,0,0,12547,18243,0,0,13360,0,18243,0,0,0,0,87,0
310,2013-12-17,0,18243,0,0,0,0,0,0,0,0,0,12860,18243,0,0,13495,18243,18243,0,0,0,0,87,0
311,2013-12-19,0,18243,0,0,0,0,0,0,0,0,0,13718,18243,0,0,14908,0,18243,0,0,18243,0,0,0
312,2013-12-20,0,18243,0,0,0,0,0,0,0,0,0,13260,18243,0,0,14066,0,0,0,18243,0,18243,87,0
313,2014-01-06,0,0,0,18243,0,0,0,0,0,0,0,12692,18243,18243,0,13359,0,18243,0,0,0,18243,87,0
314,2014-01-07,0,0,0,18243,0,0,0,0,0,0,0,13026,18243,18243,0,13605,0,18243,0,0,0,0,87,0
315,2014-01-10,0,0,0,18243,0,0,0,0,0,0,0,13758,18243,18243,0,14066,0,0,0,18243,0,0,0,0
316,2014-01-13,0,0,0,18243,0,0,0,0,0,0,0,12803,18243,18243,0,13424,18243,18243,87,0,0,18243,87,0
317,2014-01-14,0,0,0,18243,0,0,0,0,0,0,0,13508,18243,18243,0,14011,0,0,0,18243,0,18243,0,0
318,2014-01-16,0,0,0,18243,0,0,0,0,0,0,0,13318,18243,18243,0,13715,0,18243,87,0,0,0,0,0
319,2014-01-17,0,0,0,18243,0,0,0,0,0,0,0,13362,18243,18243,0,13757,0,0,87,0,0,18243,87,0
320,2014-01-20,0,0,0,18243,0,0,0,0,0,0,0,12629,18243,18243,0,13382,0,18243,0,0,0,18243,87,0
321,2014-01-21,0,0,0,18243,0,0,0,0,0,0,0,12964,18243,18243,0,13693,18243,18243,87,0,0,0,0,0
322,2014-01-23,0,0,0,18243,0,0,0,0,0,0,0,13021,18243,18243,0,13768,0,18243,0,0,0,18243,87,0
323,2014-01-24,0,0,0,18243,0,0,0,0,0,0,0,13360,18243,18243,0,14121,0,0,0,18243,0,0,87,0
324,2014-01-27,0,0,0,18243,0,0,0,0,0,0,0,12566,18243,18243,0,13497,18243,18243,87,0,0,18243,87,0
325,2014-01-28,0,0,0,18243,0,0,0,0,0,0,0,12871,18243,18243,0,13626,0,18243,0,0,0,18243,87,0
326,2014-01-30,0,0,0,18243,0,0,0,0,0,0,0,12972,18243,18243,0,13709,0,18243,87,0,0,0,87,0
327,2014-01-31,0,0,0,18243,0,0,0,0,0,0,0,13207,18243,18243,0,14258,0,0,0,18243,0,18243,0,87
328,2014-02-03,0,0,18243,0,0,0,0,0,0,0,0,12568,18243,18243,0,13431,0,18243,0,0,0,18243,0,0
329,2014-02-04,0,0,18243,0,0,0,0,0,0,0,0,12921,18243,18243,0,13687,0,18243,0,0,0,18243,0,0
330,2014-02-07,0,0,18243,0,0,0,0,0,0,0,0,13371,18243,18243,0,14102,0,0,0,18243,0,0,87,0
331,2014-02-10,0,0,18243,0,0,0,0,0,0,0,0,12596,18243,18243,0,13427,0,18243,87,0,0,18243,87,0
332,2014-02-13,0,0,18243,0,0,0,0,0,0,0,0,12918,18243,18243,0,13804,0,18243,0,0,0,0,87,0
333,2014-02-14,0,0,18243,0,0,0,0,0,0,0,0,13315,18243,18243,0,14122,0,0,87,18243,0,18243,87,0
334,2014-02-17,0,0,18243,0,0,0,0,0,0,0,0,12583,18243,18243,0,13440,18243,18243,0,0,0,18243,87,0
335,2014-02-18,0,0,18243,0,0,0,0,0,0,0,0,13267,18243,18243,0,13971,0,0,87,18243,0,18243,0,0
336,2014-02-20,0,0,18243,0,0,0,0,0,0,0,0,12812,18243,18243,0,13601,0,18243,87,0,0,0,0,0
337,2014-02-21,0,0,18243,0,0,0,0,0,0,0,0,13027,18243,18243,0,13988,0,0,87,0,0,18243,87,0
338,2014-02-25,0,0,18243,0,0,0,0,0,0,0,0,12914,18243,18243,0,13469,18243,18243,0,0,0,18243,87,0
339,2014-02-27,0,0,18243,0,0,0,0,0,0,0,0,12906,18243,18243,0,13598,0,18243,0,0,0,18243,87,0
340,2014-02-28,0,0,18243,0,0,0,0,0,0,0,0,13310,18243,18243,0,13964,0,0,87,18243,0,18243,87,0
341,2014-03-17,0,0,0,0,0,0,0,18121,0,0,0,12634,18121,18121,0,13406,0,18121,86,0,0,18121,0,0
342,2014-03-20,0,0,0,0,0,0,0,18121,0,0,0,13170,18121,18121,0,13700,0,18121,0,0,0,0,86,0
343,2014-03-21,0,0,0,0,0,0,0,18121,0,0,0,13510,18121,18121,0,14145,0,0,0,18121,0,0,86,0
344,2014-03-24,0,0,0,0,0,0,0,18121,0,0,0,12913,18121,18121,0,13355,0,18121,86,0,0,18121,86,0
345,2014-03-25,0,0,0,0,0,0,0,18121,0,0,0,13592,18121,18121,0,14092,0,0,0,18121,0,18121,0,0
346,2014-03-27,0,0,0,0,0,0,0,18121,0,0,0,13076,18121,0,0,13615,0,18121,0,0,0,0,0,0
347,2014-03-28,0,0,0,0,0,0,0,18121,0,0,0,13360,18121,0,0,13902,0,0,0,0,0,18121,86,0
348,2014-03-31,0,0,0,0,0,0,0,18121,0,0,0,12629,18121,0,0,13374,0,18121,0,0,0,18121,86,0
349,2014-04-01,18243,0,0,0,0,0,0,0,0,0,0,12996,18243,0,0,13621,18243,18243,0,0,0,18243,0,0
350,2014-04-03,18156,0,0,0,0,0,0,0,0,0,0,13163,18156,0,0,13598,0,18156,0,0,0,18156,86,0
351,2014-04-04,18243,0,0,0,0,0,0,0,0,0,0,13611,18243,0,0,14297,0,0,87,18243,0,0,87,0
352,2014-04-07,18243,0,0,0,0,0,0,0,0,0,0,12726,18243,0,0,13350,0,18243,0,0,0,0,87,0
353,2014-04-08,18243,0,0,0,0,0,0,0,0,0,0,13164,18243,0,0,13585,0,18243,0,0,0,0,87,0
354,2014-04-10,18243,0,0,0,0,0,0,0,0,0,0,13608,18243,0,0,14190,0,0,0,18243,0,18243,87,0
355,2014-04-11,18243,0,0,0,0,0,0,0,0,0,0,13513,18243,0,0,14054,0,0,87,0,0,18243,87,0
356,2014-04-14,18243,0,0,0,0,0,0,0,0,0,0,12691,18243,0,0,13533,0,18243,87,0,0,0,87,0
357,2014-04-15,18243,0,0,0,0,0,0,0,0,0,0,12960,18243,0,0,13550,0,18243,0,0,0,0,87,0
358,2014-04-17,18243,0,0,0,0,0,0,0,0,0,0,12943,18243,0,0,13407,18243,18243,87,0,0,18243,0,0
359,2014-04-18,18243,0,0,0,0,0,0,0,0,0,0,13205,18243,0,0,14284,0,0,87,18243,0,0,87,0
360,2014-04-22,18243,0,0,0,0,0,0,0,0,0,0,12925,18243,0,0,13753,18243,18243,87,0,0,0,87,0
361,2014-04-24,18243,0,0,0,0,0,0,0,0,0,0,12833,18243,0,0,13730,0,18243,0,0,0,0,87,0
362,2014-04-25,18243,0,0,0,0,0,0,0,0,0,0,13289,18243,0,0,14061,0,0,0,18243,0,0,87,0
363,2014-05-12,0,0,0,0,0,0,18243,0,0,0,0,12811,18243,0,0,13304,0,18243,0,0,0,18243,0,0
364,2014-05-13,0,0,0,0,0,0,18243,0,0,0,0,13133,18243,0,0,13587,0,18243,0,0,0,0,87,0
365,2014-05-16,0,0,0,0,0,0,18243,0,0,0,0,13429,18243,0,0,13929,0,0,87,18243,0,0,0,0
366,2014-05-19,0,0,0,0,0,0,18243,0,0,0,0,12834,18243,0,0,13412,0,18243,0,0,0,0,87,0
367,2014-05-20,0,0,0,0,0,0,18243,0,0,0,0,13067,18243,0,0,13633,0,18243,0,0,0,18243,87,0
368,2014-05-22,0,0,0,0,0,0,18243,0,0,0,0,12993,18243,42511,0,13672,18243,18243,0,0,0,0,0,0
369,2014-05-23,0,0,0,0,0,0,18243,0,0,0,0,13551,18243,42511,0,14107,0,0,0,18243,0,0,87,0
370,2014-05-26,0,0,0,0,0,0,18243,0,0,0,0,12669,18243,0,0,13146,0,18243,87,0,0,18243,87,0
371,2014-05-27,0,0,0,0,0,0,18243,0,0,0,0,13477,18243,0,0,13967,0,0,0,18243,0,0,87,0
372,2014-06-02,0,0,0,0,0,18243,0,0,0,0,0,12704,18243,0,18243,13379,0,18243,0,0,0,18243,0,0
373,2014-06-03,0,0,0,0,0,18243,0,0,0,0,0,12862,18243,0,0,13328,0,18243,0,0,0,18243,87,0
374,2014-06-05,0,0,0,0,0,18243,0,0,0,0,0,12876,18243,0,0,13516,18243,18243,87,0,0,0,0,0
375,2014-06-06,0,0,0,0,0,18243,0,0,0,0,0,13297,18243,0,0,13172,0,0,0,0,0,18243,87,0
376,2014-06-10,0,0,0,0,0,18243,0,0,0,0,0,12726,18243,18243,0,13423,18243,18243,0,0,0,18243,87,0
377,2014-06-12,0,0,0,0,0,18156,0,0,0,0,0,12676,18156,0,0,13359,0,18156,0,0,0,18156,86,0
378,2014-06-13,0,0,0,0,0,18243,0,0,0,0,0,13143,18243,0,0,14031,0,0,0,18243,0,0,87,0
379,2014-06-16,0,0,0,0,0,18243,0,0,0,0,0,12576,18243,0,0,13232,0,18243,87,0,0,18243,87,0
380,2014-06-17,0,0,0,0,0,18243,0,0,0,0,0,13157,18243,0,0,13735,0,0,0,18243,0,0,87,0
381,2014-06-19,0,0,0,0,0,18243,0,0,0,0,0,12547,18243,0,0,13306,0,18243,0,0,0,0,0,0
382,2014-06-20,0,0,0,0,0,18187,0,0,0,0,0,12864,18187,0,0,13383,0,0,86,0,0,0,86,0
383,2014-06-23,0,0,0,0,0,18243,0,0,0,0,0,12386,18243,0,0,13253,18243,18243,0,0,0,0,87,0
384,2014-06-24,0,0,0,0,0,18243,0,0,0,0,0,12791,18243,0,0,13107,0,18243,0,0,0,0,87,0
385,2014-06-26,0,0,0,0,0,17958,0,0,0,0,0,12543,17958,0,17958,13170,0,17958,0,0,0,0,0,0
386,2014-06-27,0,0,0,0,0,18243,0,0,0,0,0,12908,18243,0,0,13806,0,0,0,18243,0,18243,87,0
387,2014-06-30,0,0,0,0,0,18243,0,0,0,0,0,11841,18243,0,0,12118,0,18243,0,0,0,0,87,0
388,2014-07-01,0,0,0,0,17816,0,0,0,0,0,0,11555,17816,0,0,11704,0,17816,0,0,0,0,84,0
389,2014-07-03,0,0,0,0,18243,0,0,0,0,0,0,11808,18243,0,0,12710,0,18243,0,0,0,18243,87,0
390,2014-07-04,0,0,0,0,18243,0,0,0,0,0,0,12444,18243,0,0,13348,0,0,87,18243,0,18243,87,0
391,2014-09-02,0,0,0,0,0,0,0,0,0,0,18633,12054,18633,0,0,11674,0,0,0,0,0,18633,0,0
392,2014-09-04,0,0,0,0,0,0,0,0,0,0,18633,12857,18633,0,0,13378,0,18633,0,0,0,0,88,0
393,2014-09-05,0,0,0,0,0,0,0,0,0,0,18633,13322,18633,0,0,13889,0,0,0,18633,0,18633,88,0
394,2014-09-08,0,0,0,0,0,0,0,0,0,0,18633,12935,18633,0,0,13784,0,0,0,18633,0,0,0,0
395,2014-09-09,0,0,0,0,0,0,0,0,0,0,18633,13091,18633,0,0,13737,0,18633,0,0,0,18633,0,0
396,2014-09-11,0,0,0,0,0,0,0,0,0,0,18633,13145,18633,0,0,13807,0,18633,88,0,0,0,88,0
397,2014-09-12,0,0,0,0,0,0,0,0,0,0,18633,13535,18633,0,0,14102,0,0,0,0,0,18633,88,0
398,2014-09-15,0,0,0,0,0,0,0,0,0,0,18633,12724,18633,0,0,13556,0,18633,88,0,0,18633,0,0
399,2014-09-16,0,0,0,0,0,0,0,0,0,0,18633,13203,18633,0,0,13955,18633,18633,0,0,0,18633,0,0
400,2014-09-18,0,0,0,0,0,0,0,0,0,0,18633,13215,18633,0,0,13942,0,18633,88,0,0,0,88,0
401,2014-09-19,0,0,0,0,0,0,0,0,0,0,18633,13670,18633,0,0,13843,0,0,0,18633,0,18633,88,0
402,2014-09-22,0,0,0,0,0,0,0,0,0,0,18633,12805,18633,0,0,13600,0,18633,0,0,0,0,88,0
403,2014-09-23,0,0,0,0,0,0,0,0,0,0,18633,13658,18633,0,0,14096,0,0,0,18633,0,0,88,0
404,2014-09-25,0,0,0,0,0,0,0,0,0,0,18633,13308,18633,0,0,13921,18633,18633,88,0,0,18633,88,0
405,2014-09-26,0,0,0,0,0,0,0,0,0,0,18633,13800,18633,0,0,14112,0,0,0,0,0,0,88,0
406,2014-09-29,0,0,0,0,0,0,0,0,0,0,18633,12816,18633,0,0,13670,0,18633,0,0,0,0,88,0
407,2014-09-30,0,0,0,0,0,0,0,0,0,0,18633,13245,18633,0,0,13986,18633,18633,0,0,0,18633,88,0
408,2014-10-02,0,0,0,0,0,0,0,0,0,18633,0,13405,18633,0,0,13953,0,18633,88,0,0,0,0,0
409,2014-10-03,0,0,0,0,0,0,0,0,0,18633,0,13873,18633,0,0,14238,0,0,0,18633,0,0,88,0
410,2014-10-06,0,0,0,0,0,0,0,0,0,18633,0,12801,18633,0,0,13609,0,18633,0,0,0,0,88,0
411,2014-10-07,0,0,0,0,0,0,0,0,0,18633,0,13364,18633,0,0,13833,0,18633,88,0,0,0,0,0
412,2014-10-09,0,0,0,0,0,0,0,0,0,18633,0,13250,18633,0,0,13844,0,18633,88,0,0,18633,0,0
413,2014-10-10,0,0,0,0,0,0,0,0,0,18633,0,13745,18633,0,0,14366,0,0,88,18633,0,0,88,0
414,2014-10-13,0,0,0,0,0,0,0,0,0,18633,0,12888,18633,0,0,13774,18633,18633,88,0,0,18633,88,0
415,2014-10-14,0,0,0,0,0,0,0,0,0,18492,0,13427,18492,0,0,13942,0,0,87,0,0,18492,87,0
416,2014-10-16,0,0,0,0,0,0,0,0,0,16483,0,11275,16483,0,16483,12315,0,16483,0,0,0,0,77,0
417,2014-10-17,0,0,0,0,0,0,0,0,0,18633,0,13756,18633,0,0,14333,0,0,88,18633,0,0,88,0
418,2014-11-03,0,0,0,0,0,0,0,0,18497,0,0,12845,18497,0,0,13514,0,18497,87,0,0,0,87,0
419,2014-11-04,0,0,0,0,0,0,0,0,18497,0,0,13324,18497,0,0,13823,0,18497,0,0,0,18497,87,0
420,2014-11-06,0,0,0,0,0,0,0,0,18497,0,0,13314,18497,0,0,14023,18497,18497,87,0,0,18497,87,0
421,2014-11-07,0,0,0,0,0,0,0,0,18497,0,0,13896,18497,0,0,14353,0,0,0,18497,0,0,87,0
422,2014-11-10,0,0,0,0,0,0,0,0,18497,0,0,12032,18497,0,0,13466,0,18497,0,0,0,18497,0,0
423,2014-11-13,0,0,0,0,0,0,0,0,18497,0,0,13262,18497,0,0,13857,0,18497,87,0,0,0,87,0
424,2014-11-14,0,0,0,0,0,0,0,0,18497,0,0,13917,18497,0,0,14416,0,0,87,18497,0,0,0,0
425,2014-11-17,0,0,0,0,0,0,0,0,18497,0,0,12898,18497,0,0,13697,18497,18497,0,0,0,0,87,0
426,2014-11-18,0,0,0,0,0,0,0,0,16054,0,0,11482,16054,0,16054,12182,0,16054,0,0,0,16054,76,0
427,2014-11-20,0,0,0,0,0,0,0,0,18497,0,0,13191,18497,0,0,13961,0,18497,0,0,0,0,87,0
428,2014-11-21,0,0,0,0,0,0,0,0,18497,0,0,13676,18497,0,0,15846,0,0,0,0,0,18497,87,0
429,2014-11-24,0,0,0,0,0,0,0,0,18497,0,0,12831,18497,0,0,13592,0,18497,87,0,0,18497,87,0
430,2014-11-25,0,0,0,0,0,0,0,0,18497,0,0,13320,18497,0,0,13885,18497,18497,0,0,0,0,0,0
431,2014-11-27,0,0,0,0,0,0,0,0,18497,0,0,13081,18497,0,0,13812,0,18497,0,0,0,0,87,0
432,2014-11-28,0,0,0,0,0,0,0,0,18497,0,0,13708,18497,0,0,14418,0,0,0,18497,0,0,87,0
433,2014-12-01,0,18497,0,0,0,0,0,0,0,0,0,12836,18497,0,0,13499,0,18497,0,0,0,18497,87,0
434,2014-12-02,0,18497,0,0,0,0,0,0,0,0,0,13745,18497,0,0,14296,0,0,0,18497,0,18497,0,0
435,2014-12-04,0,18497,0,0,0,0,0,0,0,0,0,13109,18497,0,0,13866,0,18497,87,0,0,0,87,0
436,2014-12-05,0,18497,0,0,0,0,0,0,0,0,0,13548,18497,0,0,14403,0,0,87,0,0,0,0,0
437,2014-12-08,0,18497,0,0,0,0,0,0,0,0,0,12693,18497,0,0,13529,0,18497,87,0,0,0,87,0
438,2014-12-09,0,18497,0,0,0,0,0,0,0,0,0,13097,18497,0,0,13803,0,18497,0,0,0,18497,0,0
439,2014-12-11,0,17633,0,0,0,0,0,0,0,0,0,12298,17633,0,0,13569,17633,17633,85,0,0,17633,85,0
440,2014-12-12,0,18497,0,0,0,0,0,0,0,0,0,13771,18497,0,0,14421,0,0,87,18497,0,18497,87,0
441,2014-12-15,0,18497,0,0,0,0,0,0,0,0,0,12878,18497,0,0,13422,0,18497,0,0,0,0,0,0
442,2014-12-16,0,18497,0,0,0,0,0,0,0,0,0,13622,18497,0,0,14147,0,0,0,18497,0,18497,0,0
443,2014-12-18,0,18497,0,0,0,0,0,0,0,0,0,14074,18497,0,0,15254,0,18497,0,0,18497,0,87,0
444,2014-12-19,0,18497,0,0,0,0,0,0,0,0,0,13838,18497,0,0,14509,0,0,0,18497,0,18497,87,0
445,2015-01-05,0,0,0,18633,0,0,0,0,0,0,0,12900,18633,18633,0,13673,0,18633,0,0,0,18633,0,0
446,2015-01-06,0,0,0,18633,0,0,0,0,0,0,0,13185,18633,18633,18633,14009,18633,18633,88,0,0,0,88,0
447,2015-01-08,0,0,0,18633,0,0,0,0,0,0,0,13379,18633,18633,0,13969,0,18633,0,0,0,18633,0,0
448,2015-01-09,0,0,0,18633,0,0,0,0,0,0,0,14205,18633,18633,0,14670,0,18633,88,0,0,0,88,0
449,2015-01-12,0,0,0,18633,0,0,0,0,0,0,0,12943,18633,18633,0,13737,0,18633,88,0,0,0,88,0
450,2015-01-13,0,0,0,18633,0,0,0,0,0,0,0,13851,18633,18633,0,14523,0,0,0,18633,0,18633,88,0
451,2015-01-15,0,0,0,18633,0,0,0,0,0,0,0,13347,18633,18633,0,14042,0,18633,0,0,0,0,0,0
452,2015-01-16,0,0,0,18633,0,0,0,0,0,0,0,13930,18633,18633,0,14553,0,0,88,0,0,18633,0,0
453,2015-01-19,0,0,0,18633,0,0,0,0,0,0,0,12670,18633,18633,0,13748,0,18633,88,0,0,0,88,0
454,2015-01-20,0,0,0,18633,0,0,0,0,0,0,0,13117,18633,18633,0,13918,0,18633,88,0,0,18633,0,0
455,2015-01-22,0,0,0,18633,0,0,0,0,0,0,0,12901,18633,18633,0,11442,0,18633,0,0,0,0,0,0
456,2015-01-23,0,0,0,18633,0,0,0,0,0,0,0,13657,18633,18633,0,14625,0,0,88,18633,0,0,88,0
457,2015-01-26,0,0,0,18633,0,0,0,0,0,0,0,12438,18633,18633,0,13667,0,18633,0,0,0,18633,88,0
458,2015-01-27,0,0,0,18633,0,0,0,0,0,0,0,12796,18633,18633,0,13905,0,18633,0,0,0,18633,88,0
459,2015-01-29,0,0,0,18633,0,0,0,0,0,0,0,12794,18633,18633,0,14060,0,18633,0,0,0,0,88,0
460,2015-01-30,0,0,0,18633,0,0,0,0,0,0,0,13382,18633,18633,0,14752,0,0,0,18633,0,18633,88,0
461,2015-02-02,0,0,18633,0,0,0,0,0,0,0,0,12461,18633,18633,0,13896,18633,18633,0,0,0,18633,88,0
462,2015-02-03,0,0,18633,0,0,0,0,0,0,0,0,12690,18633,18633,0,14607,0,0,0,18633,0,0,88,0
463,2015-02-05,0,0,18633,0,0,0,0,0,0,0,0,12786,18633,18633,0,14087,18633,18633,88,0,0,18633,0,0
464,2015-02-06,0,0,18633,0,0,0,0,0,0,0,0,13177,18633,18633,0,14719,0,0,88,0,0,18633,88,0
465,2015-02-23,0,0,18633,0,0,0,0,0,0,0,0,13008,18633,18633,0,13744,0,18633,0,0,0,0,88,0
466,2015-02-24,0,0,18633,0,0,0,0,0,0,0,0,13819,18633,18633,0,14283,0,0,0,0,0,18633,88,0
467,2015-02-26,0,0,18633,0,0,0,0,0,0,0,0,13452,18633,18633,18633,13994,18633,18633,88,0,0,18633,0,0
468,2015-02-27,0,0,18633,0,0,0,0,0,0,0,0,13978,18633,18633,0,14727,0,0,0,18633,0,0,88,0
469,2015-04-02,18633,0,0,0,0,0,0,0,0,0,0,13232,18633,0,0,13635,0,18633,0,0,0,0,88,0
470,2015-04-03,18633,0,0,0,0,0,0,0,0,0,0,13886,18633,0,0,14552,0,0,0,18633,0,18633,88,0
471,2015-04-07,18564,0,0,0,0,0,0,0,0,0,0,13244,18564,0,0,13736,0,18564,0,0,0,18564,87,0
472,2015-04-10,18633,0,0,0,0,0,0,0,0,0,0,13968,18633,18633,0,14676,0,0,0,18633,0,0,88,0
473,2015-04-27,18633,0,0,0,0,0,0,0,0,0,0,13151,18633,0,0,13889,0,18633,0,0,0,18633,88,0
474,2015-04-28,18633,0,0,0,0,0,0,0,0,0,0,13556,18633,0,0,13964,18633,18633,0,0,0,0,88,0
475,2015-04-30,18633,0,0,0,0,0,0,0,0,0,0,13450,18633,0,0,14060,0,18633,88,0,0,0,0,0
476,2015-05-04,0,0,0,0,0,0,18633,0,0,0,0,13146,18633,0,0,13674,0,18633,0,0,0,18633,0,0
477,2015-05-05,0,0,0,0,0,0,18633,0,0,0,0,13961,18633,0,0,14628,0,0,0,18633,0,0,88,0
478,2015-05-07,0,0,0,0,0,0,18633,0,0,0,0,13469,18633,0,0,14241,0,18633,88,0,0,0,0,0
479,2015-05-11,0,0,0,0,0,0,18633,0,0,0,0,12988,18633,0,0,13623,0,18633,0,0,0,18633,0,0
480,2015-05-12,0,0,0,0,0,0,18633,0,0,0,0,13390,18633,0,0,14132,18633,18633,88,0,0,0,0,0
481,2015-05-18,0,0,0,0,0,0,18633,0,0,0,0,12926,18633,0,0,13637,0,18633,0,0,0,18633,0,0
482,2015-05-19,0,0,0,0,0,0,18633,0,0,0,0,13561,18633,0,0,14062,0,0,0,0,0,18633,88,0
483,2015-05-21,0,0,0,0,0,0,18633,0,0,0,0,13406,18633,0,0,14155,0,0,0,0,0,18633,88,0
484,2015-05-22,0,0,0,0,0,0,18633,0,0,0,0,13753,18633,0,0,14535,0,0,0,18633,0,0,88,0
485,2015-05-26,0,0,0,0,0,0,18633,0,0,0,0,13403,18633,0,0,13853,0,18633,88,0,0,18633,88,0
486,2015-05-28,0,0,0,0,0,0,18633,0,0,0,0,13872,18633,0,0,14467,0,18633,88,0,0,0,88,0
487,2015-05-29,0,0,0,0,0,0,18633,0,0,0,0,13833,18633,0,0,14399,0,0,0,0,0,0,88,0
488,2015-06-02,0,0,0,0,0,18633,0,0,0,0,0,13007,18633,0,0,13407,0,18633,88,0,0,0,88,0
489,2015-06-04,0,0,0,0,0,18633,0,0,0,0,0,13169,18633,0,0,13811,18633,18633,88,0,0,0,88,0
490,2015-06-05,0,0,0,0,0,18633,0,0,0,0,0,13758,18633,0,0,14513,0,0,0,18633,0,18633,0,0
491,2015-06-15,0,0,0,0,0,18633,0,0,0,0,0,12685,18633,0,18633,13690,0,18633,0,0,0,18633,88,0
492,2015-06-16,0,0,0,0,0,18633,0,0,0,0,0,13525,18633,0,0,14136,0,0,88,0,0,18633,0,0
493,2015-06-18,0,0,0,0,0,18633,0,0,0,0,0,13100,18633,0,0,13706,0,18633,0,0,0,18633,88,0
494,2015-06-22,0,0,0,0,0,18544,0,0,0,0,0,12417,18544,0,0,13173,0,18544,0,0,0,0,87,0
495,2015-06-23,0,0,0,0,0,18564,0,0,0,0,0,12693,18564,0,0,13463,18564,18564,87,0,0,0,0,0
496,2015-06-25,0,0,0,0,0,18633,0,0,0,0,0,12772,18633,18633,0,13240,0,18633,0,0,0,18633,88,0
497,2015-06-30,0,0,0,0,0,18633,0,0,0,0,0,12506,18633,0,0,12230,0,0,0,18633,0,18633,88,0
498,2015-09-01,0,0,0,0,0,0,0,0,0,0,19066,12441,19066,19066,0,12069,0,19066,0,0,0,0,0,0
499,2015-09-03,0,0,0,0,0,0,0,0,0,0,19066,13141,19066,19066,0,13498,0,19066,0,0,0,0,88,0
500,2015-09-04,0,0,0,0,0,0,0,0,0,0,19066,13752,19066,19066,19066,14048,0,19066,0,0,0,19066,88,0
501,2015-09-07,0,0,0,0,0,0,0,0,0,0,19066,13045,19066,19066,0,13656,0,19066,0,0,0,19066,88,0
502,2015-09-08,0,0,0,0,0,0,0,0,0,0,19066,13806,19066,19066,0,14044,19066,0,0,19066,0,0,0,0
503,2015-09-10,0,0,0,0,0,0,0,0,0,0,19066,13619,19066,0,0,13993,0,19066,0,0,0,19066,0,0
504,2015-09-11,0,0,0,0,0,0,0,0,0,0,19066,14075,19066,0,0,14440,19066,19066,0,0,0,19066,88,0
505,2015-09-14,0,0,0,0,0,0,0,0,0,0,19066,13218,19066,0,0,13664,0,19066,0,0,0,0,0,0
506,2015-09-15,0,0,0,0,0,0,0,0,0,0,19066,13440,19066,0,0,13669,0,19066,88,0,0,19066,88,0
507,2015-09-17,0,0,0,0,0,0,0,0,0,0,19066,13517,19066,0,0,13849,19066,19066,0,0,0,0,88,0
508,2015-09-18,0,0,0,0,0,0,0,0,0,0,19066,14238,19066,0,0,14379,0,19066,0,0,0,19066,88,0
509,2015-09-21,0,0,0,0,0,0,0,0,0,0,19066,13113,19066,0,0,13818,0,19066,0,0,0,19066,0,0
510,2015-09-22,0,0,0,0,0,0,0,0,0,0,19066,14042,19066,0,0,14409,0,0,88,19066,0,19066,88,0
511,2015-09-24,0,0,0,0,0,0,0,0,0,0,19066,13093,19066,0,0,14033,0,19066,88,0,0,0,0,0
512,2015-09-25,0,0,0,0,0,0,0,0,0,0,19066,14060,19066,0,0,14666,0,19066,88,0,0,19066,88,0
513,2015-09-28,0,0,0,0,0,0,0,0,0,0,19066,13251,19066,0,0,12948,0,19066,0,0,0,0,0,0
514,2015-09-29,0,0,0,0,0,0,0,0,0,0,19066,13580,19066,0,0,13458,0,19066,88,0,0,19066,88,0
515,2015-10-01,0,0,0,0,0,0,0,0,0,19066,0,13608,19066,0,0,13217,19066,19066,0,0,0,19066,88,0
516,2015-10-02,0,0,0,0,0,0,0,0,0,19066,0,14407,19066,0,0,13886,0,19066,0,0,0,19066,0,0
517,2015-10-05,0,0,0,0,0,0,0,0,0,19066,0,13258,19066,0,0,13870,0,19066,0,0,0,19066,88,0
518,2015-10-06,0,0,0,0,0,0,0,0,0,19066,0,13540,19066,0,0,14173,19066,19066,0,0,0,0,0,0
519,2015-10-09,0,0,0,0,0,0,0,0,0,19066,0,14497,19066,19066,0,14834,0,0,0,19066,0,0,88,0
520,2015-10-12,0,0,0,0,0,0,0,0,0,19066,0,13338,19066,0,0,14039,19066,19066,88,0,0,0,88,0
521,2015-10-13,0,0,0,0,0,0,0,0,0,19066,0,14192,19066,0,0,15041,0,0,88,19066,0,19066,0,0
522,2015-10-16,0,0,0,0,0,0,0,0,0,19066,0,14192,19066,0,0,14713,19066,19066,88,0,0,19066,88,0
523,2015-11-02,0,0,0,0,0,0,0,0,19066,0,0,13317,19066,0,0,13877,0,19066,0,0,0,19066,0,0
524,2015-11-03,0,0,0,0,0,0,0,0,19066,0,0,13764,19066,0,0,14209,19066,19066,0,0,0,0,0,0
525,2015-11-05,0,0,0,0,0,0,0,0,19066,0,0,13817,19066,0,0,14163,0,19066,0,0,0,19066,0,0
526,2015-11-06,0,0,0,0,0,0,0,0,19066,0,0,14691,19066,0,19066,14900,0,19066,88,0,0,19066,88,0
527,2015-11-09,0,0,0,0,0,0,0,0,19066,0,0,13301,19066,0,0,14001,0,19066,0,0,0,0,88,0
528,2015-11-10,0,0,0,0,0,0,0,0,19066,0,0,13857,19066,0,0,14662,0,0,88,19066,0,19066,88,0
529,2015-11-12,0,0,0,0,0,0,0,0,19066,0,0,13471,19066,0,0,14263,0,19066,0,0,0,19066,88,0
530,2015-11-13,0,0,0,0,0,0,0,0,19066,0,0,14382,19066,0,0,15008,0,19066,0,0,0,0,88,0
531,2015-11-16,0,0,0,0,0,0,0,0,19066,0,0,13267,19066,0,0,14019,0,19066,0,0,0,19066,0,0
532,2015-11-17,0,0,0,0,0,0,0,0,19066,0,0,13588,19066,0,0,14256,0,19066,0,0,0,0,88,0
533,2015-11-19,0,0,0,0,0,0,0,0,19066,0,0,13776,19066,0,0,14325,19066,19066,88,0,0,19066,88,0
534,2015-11-20,0,0,0,0,0,0,0,0,19066,0,0,14415,19066,0,0,14978,0,0,0,19066,0,19066,88,0
535,2015-11-23,0,0,0,0,0,0,0,0,19066,0,0,13190,19066,0,0,14047,0,19066,88,0,0,19066,0,0
536,2015-11-24,0,0,0,0,0,0,0,0,19066,0,0,13482,19066,0,0,14238,0,19066,88,0,0,19066,0,0
537,2015-11-26,0,0,0,0,0,0,0,0,19066,0,0,13544,19066,0,0,14324,0,19066,0,0,0,19066,0,0
538,2015-11-27,0,0,0,0,0,0,0,0,19066,0,0,14319,19066,0,0,15149,0,0,0,19066,0,19066,88,0
539,2015-11-30,0,0,0,0,0,0,0,0,19066,0,0,13281,19066,0,0,14128,19066,19066,88,0,0,0,88,0
540,2015-12-01,0,19066,0,0,0,0,0,0,0,0,0,14202,19066,0,0,14863,0,0,0,19066,0,0,88,0
541,2015-12-03,0,19066,0,0,0,0,0,0,0,0,0,13676,19066,0,0,14399,0,19066,0,0,0,0,88,0
542,2015-12-04,0,19066,0,0,0,0,0,0,0,0,0,14405,19066,0,0,15082,0,0,0,0,0,19066,88,0
543,2015-12-07,0,19066,0,0,0,0,0,0,0,0,0,13304,19066,0,0,14016,0,19066,0,0,0,19066,0,0
544,2015-12-08,0,19066,0,0,0,0,0,0,0,0,0,13701,19066,0,0,14320,0,19066,0,0,0,0,0,0
545,2015-12-10,0,19066,0,0,0,0,0,0,0,0,0,13721,19066,0,0,14360,19066,19066,88,0,0,19066,88,0
546,2015-12-11,0,19066,0,0,0,0,0,0,0,0,0,14291,19066,0,0,15098,0,0,88,19066,0,0,88,0
547,2015-12-14,0,19066,0,0,0,0,0,0,0,0,0,13370,19066,0,0,13994,0,19066,88,0,0,19066,0,0
548,2015-12-15,0,19066,0,0,0,0,0,0,0,0,0,14298,19066,0,0,14715,0,0,0,19066,0,19066,88,0
549,2015-12-17,0,19066,0,0,0,0,0,0,0,0,0,14684,19066,0,0,15672,0,19066,0,0,19066,0,0,0
550,2015-12-18,0,19066,0,0,0,0,0,0,0,0,0,14353,19066,0,0,14973,0,0,88,0,0,19066,0,0
551,2016-01-04,0,0,0,19066,0,0,0,0,0,0,0,13282,19066,19066,0,14072,0,19066,0,0,0,19066,0,0
552,2016-01-05,0,0,0,19066,0,0,0,0,0,0,0,13623,19066,0,0,14354,19066,19066,88,0,0,0,88,0
553,2016-01-07,0,0,0,19066,0,0,0,0,0,0,0,13753,19066,0,0,14390,0,19066,88,0,0,19066,0,0
554,2016-01-08,0,0,0,19066,0,0,0,0,0,0,0,14779,19066,0,0,15171,0,0,88,19066,0,0,88,0
555,2016-01-11,0,0,0,19066,0,0,0,0,0,0,0,13450,19066,0,0,14088,19066,19066,0,0,0,19066,88,0
556,2016-01-12,0,0,0,19066,0,0,0,0,0,0,0,14351,19066,0,0,15031,0,0,0,19066,0,19066,0,0
557,2016-01-14,0,0,0,19066,0,0,0,0,0,0,0,13780,19066,19066,0,14384,0,19066,0,0,0,0,88,0
558,2016-01-15,0,0,0,19066,0,0,0,0,0,0,0,14448,19066,0,0,14993,0,0,88,19066,0,0,0,0
559,2016-01-18,0,0,0,19066,0,0,0,0,0,0,0,13226,19066,0,0,14095,0,19066,0,0,0,0,88,0
560,2016-01-19,0,0,0,19066,0,0,0,0,0,0,0,13468,19066,0,0,14253,0,19066,88,0,0,19066,88,0
561,2016-01-21,0,0,0,19066,0,0,0,0,0,0,0,13711,19066,0,0,14399,19066,19066,0,0,0,19066,88,0
562,2016-01-22,0,0,0,19066,0,0,0,0,0,0,0,14348,19066,0,0,15165,0,0,88,19066,0,0,88,0
563,2016-01-25,0,0,0,19066,0,0,0,0,0,0,0,13263,19066,0,0,13926,0,19066,0,0,0,19066,88,0
564,2016-01-28,0,0,0,19066,0,0,0,0,0,0,0,13635,19066,0,0,14386,0,19066,88,0,0,19066,88,0
565,2016-01-29,0,0,0,19066,0,0,0,0,0,0,0,14353,19066,0,0,15112,0,0,0,19066,0,19066,88,0
566,2016-02-01,0,0,19066,0,0,0,0,0,0,0,0,13170,19066,0,0,14095,0,19066,0,0,0,0,88,0
567,2016-02-02,0,0,19066,0,0,0,0,0,0,0,0,14066,19066,0,0,14969,0,0,88,19066,0,19066,88,0
568,2016-02-04,0,0,19066,0,0,0,0,0,0,0,0,13185,19066,19066,0,14396,0,19066,0,0,0,19066,88,0
569,2016-02-05,0,0,19066,0,0,0,0,0,0,0,0,13749,19066,19066,0,14997,0,0,0,0,0,19066,88,0
570,2016-02-22,0,0,19066,0,0,0,0,0,0,0,0,13162,19066,19066,0,14144,0,19066,0,0,0,19066,0,0
571,2016-02-23,0,0,19066,0,0,0,0,0,0,0,0,13514,19066,19066,0,14444,19066,19066,88,0,0,0,88,0
572,2016-02-25,0,0,19066,0,0,0,0,0,0,0,0,13738,19066,19066,0,14459,0,19066,0,0,0,0,0,88
573,2016-02-26,0,0,19066,0,0,0,0,0,0,0,0,14263,19066,19066,0,15096,0,0,88,19066,0,19066,88,0
574,2016-02-29,0,0,19066,0,0,0,0,0,0,0,0,13100,19066,19066,0,14180,19066,19066,88,0,0,19066,88,0
575,2016-03-01,0,0,0,0,0,0,0,19066,0,0,0,14004,19066,19066,0,14804,0,0,88,19066,0,19066,0,0
576,2016-03-03,0,0,0,0,0,0,0,19066,0,0,0,13423,19066,19066,0,14363,0,19066,88,0,0,0,0,0
577,2016-03-04,0,0,0,0,0,0,0,19066,0,0,0,13911,19066,19066,0,15059,0,0,88,0,0,19066,88,0
578,2016-03-07,0,0,0,0,0,0,0,19066,0,0,0,12946,19066,19066,0,14162,0,19066,0,0,0,19066,0,0
579,2016-03-08,0,0,0,0,0,0,0,19066,0,0,0,13188,19066,19066,0,14506,19066,19066,88,0,0,0,88,0
580,2016-03-10,0,0,0,0,0,0,0,19066,0,0,0,13280,19066,19066,0,14282,0,19066,0,0,0,0,88,0
581,2016-03-11,0,0,0,0,0,0,0,19066,0,0,0,13924,19066,19066,0,15045,0,0,88,19066,0,0,88,0
582,2016-03-14,0,0,0,0,0,0,0,19066,0,0,0,12885,19066,19066,0,13831,0,19066,0,0,0,19066,88,0
583,2016-03-15,0,0,0,0,0,0,0,19066,0,0,0,13541,19066,19066,0,14285,0,0,88,19066,0,0,88,0
584,2016-03-17,0,0,0,0,0,0,0,19066,0,0,0,13327,19066,19066,0,14155,0,19066,88,0,0,0,88,0
585,2016-03-18,0,0,0,0,0,0,0,19066,0,0,0,14025,19066,19066,0,14878,0,0,88,0,0,0,0,0
586,2016-03-21,0,0,0,0,0,0,0,19066,0,0,0,13277,19066,19066,0,13960,0,19066,88,0,0,19066,88,0
587,2016-03-22,0,0,0,0,0,0,0,19066,0,0,0,13407,19066,19066,0,14142,0,19066,0,0,0,19066,88,0
588,2016-03-25,0,0,0,0,0,0,0,19066,0,0,0,14277,19066,19066,0,15093,0,0,88,19066,0,0,88,0
589,2016-03-29,0,0,0,0,0,0,0,19066,0,0,0,13545,19066,19066,0,14058,0,0,88,19066,0,0,0,0
590,2016-04-01,19066,0,0,0,0,0,0,0,0,0,0,14354,19066,19066,0,15007,0,0,88,19066,0,0,88,0
591,2016-04-18,19066,0,0,0,0,0,0,0,0,0,0,13249,19066,0,0,13950,0,19066,88,0,0,19066,0,0
592,2016-04-19,19066,0,0,0,0,0,0,0,0,0,0,13684,19066,0,0,14243,0,19066,0,0,0,19066,88,0
593,2016-04-21,19066,0,0,0,0,0,0,0,0,0,0,13597,19066,0,0,14303,19066,19066,88,0,0,19066,88,0
594,2016-04-22,19066,0,0,0,0,0,0,0,0,0,0,14398,19066,0,0,14961,0,0,88,19066,0,0,0,0
595,2016-04-25,19066,0,0,0,0,0,0,0,0,0,0,13390,19066,0,0,13988,0,19066,0,0,0,19066,88,0
596,2016-04-26,18913,0,0,0,0,0,0,0,0,0,0,13659,18913,18913,0,14125,0,18913,87,0,0,0,87,0
597,2016-04-29,19066,0,0,0,0,0,0,0,0,0,0,14520,19066,0,0,14906,0,0,88,19066,0,19066,88,0
598,2016-05-02,0,0,0,0,0,0,19066,0,0,0,0,13373,19066,0,0,14025,19066,19066,0,0,0,0,88,0
599,2016-05-03,0,0,0,0,0,0,19066,0,0,0,0,14352,19066,0,0,14796,0,0,0,19066,0,19066,0,0
600,2016-05-09,0,0,0,0,0,0,19066,0,0,0,0,13288,19066,0,0,14028,0,19066,88,0,0,19066,0,0
601,2016-05-10,0,0,0,0,0,0,19066,0,0,0,0,13642,19066,0,0,14202,19066,19066,0,0,0,19066,0,0
602,2016-05-13,0,0,0,0,0,0,19066,0,0,0,0,14489,19066,0,0,15200,0,0,88,19066,0,0,88,0
603,2016-05-20,0,0,0,0,0,0,19066,0,0,0,0,14479,19066,19066,0,14998,0,0,88,19066,0,0,0,0
604,2016-05-23,0,0,0,0,0,0,19066,0,0,0,0,13411,19066,19066,0,14089,0,19066,0,0,0,19066,88,0
605,2016-05-24,0,0,0,0,0,0,18988,0,0,0,0,13631,18988,18988,0,14193,0,18988,0,0,0,0,87,0
606,2016-05-27,0,0,0,0,0,0,19066,0,0,0,0,14487,19066,19066,0,15020,0,0,88,19066,0,0,88,0
607,2016-05-30,0,0,0,0,0,0,19066,0,0,0,0,13327,19066,19066,0,13988,0,19066,0,0,0,19066,0,0
608,2016-05-31,0,0,0,0,0,0,19066,0,0,0,0,13575,19066,19066,0,14083,0,19066,88,0,0,0,0,0
609,2016-06-02,0,0,0,0,0,16581,0,0,0,0,0,11145,16581,16581,0,11910,0,16581,0,0,0,0,76,0
610,2016-06-03,0,0,0,0,0,19066,0,0,0,0,0,14285,19066,19066,0,14909,0,0,0,19066,0,0,88,0
611,2016-06-06,0,0,0,0,0,19066,0,0,0,0,0,13156,19066,19066,0,13984,19066,19066,0,0,0,0,88,0
612,2016-06-07,0,0,0,0,0,19066,0,0,0,0,0,13924,19066,19066,0,14392,0,0,0,19066,0,19066,0,0
613,2016-06-10,0,0,0,0,0,19066,0,0,0,0,0,14303,19066,19066,0,14983,0,0,0,19066,0,0,88,0
614,2016-06-13,0,0,0,0,0,19066,0,0,0,0,0,13185,19066,19066,0,13993,0,19066,0,0,0,0,0,0
615,2016-06-17,0,0,0,0,0,19066,0,0,0,0,0,13810,19066,19066,0,14491,0,0,88,19066,0,0,0,0
616,2016-06-20,0,0,0,0,0,19066,0,0,0,0,0,12793,19066,19066,0,13907,0,19066,0,0,0,19066,0,0
617,2016-06-21,0,0,0,0,0,19066,0,0,0,0,0,13333,19066,19066,0,13943,0,0,0,19066,0,19066,88,0
618,2016-06-24,0,0,0,0,0,19066,0,0,0,0,0,13696,19066,19066,0,14463,0,0,0,0,0,19066,88,0
619,2016-06-27,0,0,0,0,0,19066,0,0,0,0,0,12738,19066,19066,0,13444,0,19066,0,0,0,0,0,0
620,2016-07-01,0,0,0,0,18982,0,0,0,0,0,0,13147,18982,18982,0,13763,0,0,0,18982,0,0,87,0
621,2016-07-04,0,0,0,0,19066,0,0,0,0,0,0,12523,19066,19066,0,12957,0,19066,0,0,0,0,88,0
622,2016-09-01,0,0,0,0,0,0,0,0,0,0,19639,12744,19639,0,0,12741,0,19639,0,0,0,19639,0,0
623,2016-09-02,0,0,0,0,0,0,0,0,0,0,19639,13416,19639,0,0,14373,0,0,0,19639,0,0,88,0
624,2016-09-05,0,0,0,0,0,0,0,0,0,0,19639,13447,19639,0,0,14083,0,19639,88,0,0,19639,88,0
625,2016-09-06,0,0,0,0,0,0,0,0,0,0,19639,14321,19639,0,19639,14653,0,0,88,19639,0,0,0,0
626,2016-09-08,0,0,0,0,0,0,0,0,0,0,19639,13767,19639,0,0,14280,0,19639,0,0,0,0,0,0
627,2016-09-09,0,0,0,0,0,0,0,0,0,0,19639,14521,19639,0,0,14896,0,0,88,0,0,19639,88,0
628,2016-09-12,0,0,0,0,0,0,0,0,0,0,19639,13076,19639,0,0,14216,0,19639,88,0,0,0,0,0
629,2016-09-13,0,0,0,0,0,0,0,0,0,0,19639,13744,19639,0,0,14382,0,19639,88,0,0,0,88,0
630,2016-09-16,0,0,0,0,0,0,0,0,0,0,19639,14666,19639,0,0,15065,0,0,88,19639,0,19639,88,0
631,2016-09-19,0,0,0,0,0,0,0,0,0,0,19639,13478,19639,0,0,14133,0,19639,0,0,0,19639,88,0
632,2016-09-20,0,0,0,0,0,0,0,0,0,0,19639,14403,19639,0,0,14641,0,0,0,19639,0,0,88,0
633,2016-09-22,0,0,0,0,0,0,0,0,0,0,19639,13913,19639,0,0,13026,19639,19639,88,0,0,0,0,0
634,2016-09-23,0,0,0,0,0,0,0,0,0,0,19639,14721,19639,0,0,14938,0,0,88,0,0,19639,0,0
635,2016-09-26,0,0,0,0,0,0,0,0,0,0,19639,13487,19639,0,0,14151,0,19639,88,0,0,0,88,0
636,2016-09-27,0,0,0,0,0,0,0,0,0,0,19639,13803,19639,0,0,14381,0,19639,0,0,0,19639,88,0
637,2016-09-29,0,0,0,0,0,0,0,0,0,0,19639,13956,19639,0,0,14661,19639,19639,0,0,0,19639,0,0
638,2016-09-30,0,0,0,0,0,0,0,0,0,0,19639,14913,19639,0,0,15267,0,0,88,19639,0,0,88,0
639,2016-10-03,0,0,0,0,0,0,0,0,0,19639,0,13416,19639,0,0,13950,0,19639,0,0,0,19639,88,0
640,2016-10-04,0,0,0,0,0,0,0,0,0,19639,0,13972,19639,0,0,14314,0,19639,88,0,0,0,88,0
641,2016-10-06,0,0,0,0,0,0,0,0,0,19639,0,13968,19639,0,0,14246,0,19639,0,0,0,0,88,0
642,2016-10-07,0,0,0,0,0,0,0,0,0,19639,0,14899,19639,0,0,15278,0,0,0,19639,0,19639,88,0
643,2016-10-10,0,0,0,0,0,0,0,0,0,19639,0,13555,19639,0,0,14220,0,19639,0,0,0,19639,88,0
644,2016-10-11,0,0,0,0,0,0,0,0,0,19422,0,13222,19422,0,0,14452,19422,19422,86,0,0,0,0,0
645,2016-10-13,0,0,0,0,0,0,0,0,0,19639,0,14452,19639,0,0,15073,0,0,88,19639,0,19639,88,0
646,2016-10-14,0,0,0,0,0,0,0,0,0,19639,0,14722,19639,0,0,15232,0,0,88,0,0,0,88,0
647,2016-10-17,0,0,0,0,0,0,0,0,0,19639,0,13641,19639,0,0,14580,19639,19639,0,0,0,0,88,0
648,2016-10-18,0,0,0,0,0,0,0,0,0,19639,0,13966,19639,0,0,14519,0,19639,88,0,0,19639,88,0
649,2016-11-03,0,0,0,0,0,0,0,0,19422,0,0,13789,19422,0,0,14368,0,0,87,0,0,0,87,0
650,2016-11-04,0,0,0,0,0,0,0,0,19639,0,0,14917,19639,0,0,15494,0,0,88,19639,0,0,88,0
651,2016-11-07,0,0,0,0,0,0,0,0,19639,0,0,13694,19639,0,0,14301,0,19639,0,0,0,19639,88,0
652,2016-11-08,0,0,0,0,0,0,0,0,19639,0,0,14147,19639,0,0,14552,0,19639,0,0,0,0,0,0
653,2016-11-10,0,0,0,0,0,0,0,0,19639,0,0,14117,19639,0,19639,14777,0,19639,88,0,0,19639,88,0
654,2016-11-14,0,0,0,0,0,0,0,0,19639,0,0,13661,19639,0,0,14692,19639,19639,88,0,0,19639,0,0
655,2016-11-15,0,0,0,0,0,0,0,0,19639,0,0,13892,19639,0,0,14582,0,19639,0,0,0,19639,88,0
656,2016-11-17,0,0,0,0,0,0,0,0,19639,0,0,13964,19639,0,0,14759,0,19639,0,0,0,0,88,0
657,2016-11-18,0,0,0,0,0,0,0,0,19639,0,0,14909,19639,0,0,15679,0,0,88,19639,0,0,88,0
658,2016-11-21,0,0,0,0,0,0,0,0,19639,0,0,13889,19639,0,0,14626,0,0,88,0,0,19639,88,0
659,2016-11-22,0,0,0,0,0,0,0,0,19639,0,0,13850,19639,0,0,14696,19639,19639,88,0,0,0,88,0
660,2016-11-24,0,0,0,0,0,0,0,0,19639,0,0,14019,19639,0,0,14664,0,19639,0,0,0,0,0,0
661,2016-11-25,0,0,0,0,0,0,0,0,19639,0,0,14833,19639,0,0,15626,0,0,88,19639,0,19639,0,0
662,2016-11-28,0,0,0,0,0,0,0,0,19639,0,0,13495,19639,0,0,14360,0,19639,0,0,0,19639,0,0
663,2016-12-01,0,19639,0,0,0,0,0,0,0,0,0,14048,19639,0,0,14623,0,19639,0,0,0,19639,88,0
664,2016-12-02,0,19639,0,0,0,0,0,0,0,0,0,14703,19639,0,0,15491,0,0,88,19639,0,0,88,0
665,2016-12-05,0,19639,0,0,0,0,0,0,0,0,0,13637,19639,0,19639,14445,19639,19639,88,0,0,0,88,0
666,2016-12-08,0,19639,0,0,0,0,0,0,0,0,0,13907,19639,19639,0,14551,0,19639,0,0,0,19639,88,0
667,2016-12-09,0,19639,0,0,0,0,0,0,0,0,0,14806,19639,0,0,15477,0,0,88,0,0,0,0,0
668,2016-12-12,0,19639,0,0,0,0,0,0,0,0,0,13447,19639,0,0,14395,0,19639,0,0,0,19639,88,0
669,2016-12-13,0,19639,0,0,0,0,0,0,0,0,0,13887,19639,0,0,14622,19639,19639,88,0,0,19639,88,0
670,2016-12-15,0,19639,0,0,0,0,0,0,0,0,0,15200,19639,0,0,16693,0,0,0,19639,19639,0,88,0
671,2016-12-16,0,19639,0,0,0,0,0,0,0,0,0,14697,19639,0,0,15594,0,0,0,19639,0,19639,88,0
672,2017-01-03,0,0,0,19639,0,0,0,0,0,0,0,13534,19639,0,0,14493,0,19639,88,0,0,19639,0,0
673,2017-01-05,0,0,0,19639,0,0,0,0,0,0,0,13839,19639,0,0,14645,0,19639,0,0,0,0,88,0
674,2017-01-06,0,0,0,19639,0,0,0,0,0,0,0,15039,19639,0,0,15636,0,0,0,19639,0,0,88,0
675,2017-01-09,0,0,0,19639,0,0,0,0,0,0,0,13509,19639,0,0,14604,19639,19639,88,0,0,0,88,0
676,2017-01-10,0,0,0,19639,0,0,0,0,0,0,0,14296,19639,0,0,15181,0,0,88,19639,0,19639,88,0
677,2017-01-12,0,0,0,19639,0,0,0,0,0,0,0,13844,19639,0,0,14586,0,19639,88,0,0,0,88,0
678,2017-01-16,0,0,0,19639,0,0,0,0,0,0,0,13244,19639,0,0,14216,0,19639,0,0,0,0,0,0
679,2017-01-17,0,0,0,19473,0,0,0,0,0,0,0,13435,19473,0,19473,14281,19473,19473,0,0,0,19473,0,0
680,2017-01-19,0,0,0,19639,0,0,0,0,0,0,0,13472,19639,0,0,14631,0,19639,0,0,0,19639,88,0
681,2017-01-20,0,0,0,19639,0,0,0,0,0,0,0,14197,19639,0,0,15529,0,0,88,0,0,19639,88,0
682,2017-01-23,0,0,0,19639,0,0,0,0,0,0,0,13171,19639,0,0,14198,0,19639,88,0,0,19639,88,0
683,2017-01-24,0,0,0,19639,0,0,0,0,0,0,0,14005,19639,0,0,15039,0,0,0,19639,0,0,88,0
684,2017-01-26,0,0,0,19639,0,0,0,0,0,0,0,13416,19639,0,0,14543,0,19639,88,0,0,0,88,0
685,2017-01-27,0,0,0,19639,0,0,0,0,0,0,0,14126,19639,0,0,15469,0,0,0,0,0,19639,88,0
686,2017-01-30,0,0,0,19639,0,0,0,0,0,0,0,13451,19639,0,0,14439,19639,19639,0,0,0,19639,88,0
687,2017-01-31,0,0,0,19639,0,0,0,0,0,0,0,14271,19639,0,0,14906,0,0,88,19639,0,0,0,0
688,2017-02-02,0,0,19639,0,0,0,0,0,0,0,0,13670,19639,19639,0,14583,0,19639,88,0,0,19639,88,0
689,2017-02-03,0,0,19639,0,0,0,0,0,0,0,0,14426,19639,0,0,15409,0,0,88,0,0,19639,88,0
690,2017-02-06,0,0,19639,0,0,0,0,0,0,0,0,13544,19639,0,0,14158,0,19639,88,0,0,0,88,0
691,2017-02-09,0,0,19639,0,0,0,0,0,0,0,0,13692,19639,0,0,14543,19639,19639,88,0,0,19639,0,0
692,2017-02-10,0,0,19639,0,0,0,0,0,0,0,0,14614,19639,0,0,15414,0,0,88,19639,0,19639,88,0
693,2017-02-27,0,0,19639,0,0,0,0,0,0,0,0,13675,19639,0,0,14150,0,19639,0,0,0,19639,88,0
694,2017-02-28,0,0,19639,0,0,0,0,0,0,0,0,14142,19639,0,0,14486,0,19639,0,0,0,0,0,0
695,2017-03-02,0,0,0,0,0,0,0,19639,0,0,0,14131,19639,0,0,14442,0,19639,0,0,0,0,88,0
696,2017-03-03,0,0,0,0,0,0,0,19639,0,0,0,14939,19639,0,0,15374,0,0,88,19639,0,19639,0,0
697,2017-03-06,0,0,0,0,0,0,0,19639,0,0,0,13862,19639,19639,0,14331,19639,19639,0,0,0,0,88,0
698,2017-03-09,0,0,0,0,0,0,0,19639,0,0,0,13968,19639,0,0,14419,0,19639,88,0,0,0,88,0
699,2017-03-10,0,0,0,0,0,0,0,19639,0,0,0,14767,19639,0,0,15377,0,0,88,0,0,19639,88,0
700,2017-03-13,0,0,0,0,0,0,0,19639,0,0,0,13542,19639,0,0,14098,0,19639,88,0,0,19639,0,0
701,2017-03-14,0,0,0,0,0,0,0,19639,0,0,0,13944,19639,0,0,14412,19639,19639,88,0,0,0,88,0
702,2017-03-16,0,0,0,0,0,0,0,19639,0,0,0,13871,19639,0,0,14391,0,19639,0,0,0,19639,88,0
703,2017-03-17,0,0,0,0,0,0,0,19639,0,0,0,14894,19639,0,0,15394,0,0,88,19639,0,19639,88,0
704,2017-03-20,0,0,0,0,0,0,0,19639,0,0,0,13649,19639,0,0,14311,0,19639,88,0,0,0,88,0
705,2017-03-21,0,0,0,0,0,0,0,19639,0,0,0,14786,19639,19639,0,15151,0,0,0,19639,0,19639,88,0
706,2017-03-23,0,0,0,0,0,0,0,19639,0,0,0,13993,19639,0,19639,14595,0,19639,88,0,0,0,88,0
707,2017-03-24,0,0,0,0,0,0,0,19639,0,0,0,14828,19639,0,0,15489,0,0,88,0,0,0,0,0
708,2017-03-27,0,0,0,0,0,0,0,19639,0,0,0,13616,19639,0,0,14327,0,19639,88,0,0,19639,88,0
709,2017-03-28,0,0,0,0,0,0,0,19639,0,0,0,13998,19639,19639,0,14510,19639,19639,88,0,0,0,0,0
710,2017-03-30,0,0,0,0,0,0,0,19639,0,0,0,13908,19639,0,0,14479,0,19639,88,0,0,0,0,0
711,2017-03-31,0,0,0,0,0,0,0,19639,0,0,0,14794,19639,0,0,15471,0,0,88,19639,0,0,88,0
712,2017-04-03,19639,0,0,0,0,0,0,0,0,0,0,13737,19639,0,0,14237,0,19639,88,0,0,19639,0,0
713,2017-04-06,19639,0,0,0,0,0,0,0,0,0,0,14056,19639,0,0,14599,0,19639,0,0,0,0,88,0
714,2017-04-07,19639,0,0,0,0,0,0,0,0,0,0,14682,19639,0,0,15801,0,0,0,19639,0,19639,88,0
715,2017-04-24,19639,0,0,0,0,0,0,0,0,0,0,13693,19639,0,0,14341,0,19639,88,0,0,19639,88,0
716,2017-04-25,19639,0,0,0,0,0,0,0,0,0,0,14710,19639,0,0,15243,0,0,0,19639,0,19639,0,0
717,2017-04-27,19639,0,0,0,0,0,0,0,0,0,0,14199,19639,0,0,14690,0,19639,0,0,0,0,88,0
718,2017-04-28,19639,0,0,0,0,0,0,0,0,0,0,14911,19639,0,0,15642,0,0,88,0,0,0,88,0
719,2017-05-02,0,0,0,0,0,0,19639,0,0,0,0,14045,19639,0,0,14725,19639,19639,88,0,0,19639,88,0
720,2017-05-04,0,0,0,0,0,0,19639,0,0,0,0,13992,19639,0,0,14626,0,19639,0,0,0,19639,88,0
721,2017-05-05,0,0,0,0,0,0,19639,0,0,0,0,14934,19639,0,0,15745,0,0,0,19639,0,19639,0,0
722,2017-05-09,0,0,0,0,0,0,19639,0,0,0,0,14003,19639,0,0,14552,0,19639,88,0,0,19639,88,0
723,2017-05-11,0,0,0,0,0,0,19639,0,0,0,0,14059,19639,0,0,14659,0,19639,88,0,0,0,88,0
724,2017-05-12,0,0,0,0,0,0,19639,0,0,0,0,14567,19639,0,0,15264,0,0,88,0,0,19639,88,0
725,2017-05-15,0,0,0,0,0,0,19639,0,0,0,0,13759,19639,0,0,14368,19639,19639,0,0,0,19639,88,0
726,2017-05-16,0,0,0,0,0,0,19639,0,0,0,0,13822,19639,0,0,14432,0,19639,88,0,0,19639,0,0
727,2017-05-18,0,0,0,0,0,0,19639,0,0,0,0,14617,19639,0,0,15120,0,19639,0,0,0,0,88,0
728,2017-05-22,0,0,0,0,0,0,19639,0,0,0,0,13643,19639,0,0,14354,19639,19639,0,0,0,19639,88,0
729,2017-05-23,0,0,0,0,0,0,19639,0,0,0,0,13957,19639,0,0,14392,0,19639,88,0,0,0,0,0
730,2017-05-29,0,0,0,0,0,0,19639,0,0,0,0,13698,19639,0,0,14982,0,0,88,19639,0,0,88,0
731,2017-05-30,0,0,0,0,0,0,19639,0,0,0,0,13895,19639,0,0,14217,0,19639,0,0,0,19639,88,0
732,2017-06-01,0,0,0,0,0,19639,0,0,0,0,0,13772,19639,0,0,14630,0,19639,88,0,0,0,0,0
733,2017-06-02,0,0,0,0,0,19639,0,0,0,0,0,14523,19639,0,0,15478,0,0,88,0,0,0,0,0
734,2017-06-06,0,0,0,0,0,19639,0,0,0,0,0,13908,19639,19639,0,14364,0,19639,0,0,0,0,88,0
735,2017-06-08,0,0,0,0,0,19639,0,0,0,0,0,13989,19639,0,0,14372,19639,19639,0,0,0,19639,88,0
736,2017-06-09,0,0,0,0,0,19524,0,0,0,0,0,14628,19524,0,0,15371,0,0,87,19524,0,19524,87,0
737,2017-06-12,0,0,0,0,0,19639,0,0,0,0,0,13474,19639,0,0,14171,0,19639,0,0,0,19639,88,0
738,2017-06-13,0,0,0,0,0,19639,0,0,0,0,0,13720,19639,0,0,14410,0,19639,0,0,0,19639,88,0
739,2017-06-15,0,0,0,0,0,19639,0,0,0,0,0,13693,19639,0,0,14262,0,19639,88,0,0,19639,0,0
740,2017-06-16,0,0,0,0,0,19639,0,0,0,0,0,14389,19639,0,0,15136,0,0,88,19639,0,0,88,0
741,2017-06-19,0,0,0,0,0,19340,0,0,0,0,0,13043,19340,0,0,14076,19340,19340,86,0,0,19340,0,0
742,2017-06-20,0,0,0,0,0,19639,0,0,0,0,0,13958,19639,0,0,14045,0,0,0,19639,0,0,88,0
743,2017-06-22,0,0,0,0,0,19639,0,0,0,0,0,13400,19639,0,0,13873,0,19639,88,0,0,19639,0,0
744,2017-06-23,0,0,0,0,0,19639,0,0,0,0,0,14066,19639,0,0,14668,0,0,88,0,0,19639,88,0
745,2017-06-27,0,0,0,0,0,19639,0,0,0,0,0,13282,19639,0,0,13361,0,19639,88,0,0,0,0,0
746,2017-06-29,0,0,0,0,0,19553,0,0,0,0,0,13258,19553,19553,0,14136,0,19553,87,0,0,0,87,0
747,2017-06-30,0,0,0,0,0,19639,0,0,0,0,0,14039,19639,19639,0,14812,0,0,0,19639,0,0,88,0
748,2017-07-03,0,0,0,0,19639,0,0,0,0,0,0,12824,19639,0,19639,13707,19639,19639,0,0,0,0,88,0
749,2017-07-04,0,0,0,0,19413,0,0,0,0,0,0,12595,19413,0,0,12494,0,19413,0,0,0,0,86,0
750,2017-07-06,0,0,0,0,19639,0,0,0,0,0,0,12783,19639,0,19639,13165,0,19639,88,0,0,0,88,0
751,2017-07-07,0,0,0,0,19639,0,0,0,0,0,0,13542,19639,0,0,14956,0,0,0,19639,0,0,88,0
752,2017-09-04,0,0,0,0,0,0,0,0,0,0,19958,12937,19958,0,0,13148,0,19958,88,0,0,19958,88,0
753,2017-09-05,0,0,0,0,0,0,0,0,0,0,19958,13610,19958,0,0,14317,0,19958,88,0,0,19958,0,0
754,2017-09-07,0,0,0,0,0,0,0,0,0,0,19958,14174,19958,0,0,14555,0,0,0,0,0,19958,88,0
755,2017-09-08,0,0,0,0,0,0,0,0,0,0,19958,14654,19958,0,0,15094,0,0,0,19958,0,19958,88,0
756,2017-09-11,0,0,0,0,0,0,0,0,0,0,19958,13699,19958,0,0,14387,0,19958,0,0,0,0,88,0
757,2017-09-14,0,0,0,0,0,0,0,0,0,0,19958,14197,19958,0,0,14718,0,19958,0,0,0,0,0,0
758,2017-09-15,0,0,0,0,0,0,0,0,0,0,19958,14792,19958,0,0,15322,0,0,88,0,0,19958,0,0
759,2017-09-18,0,0,0,0,0,0,0,0,0,0,19958,13690,19958,0,0,14545,0,19958,0,0,0,0,88,0
760,2017-09-19,0,0,0,0,0,0,0,0,0,0,19958,13929,19958,0,0,14833,0,19958,0,0,0,0,88,0
761,2017-09-22,0,0,0,0,0,0,0,0,0,0,19958,15039,19958,0,0,15572,0,0,0,19958,0,19958,88,0
762,2017-09-25,0,0,0,0,0,0,0,0,0,0,19780,13595,19780,0,0,14265,0,19780,87,0,0,0,87,0
763,2017-09-26,0,0,0,0,0,0,0,0,0,0,19958,14107,19958,0,0,14680,0,19958,0,0,0,19958,0,0
764,2017-09-28,0,0,0,0,0,0,0,0,0,0,19958,14028,19958,0,19958,14853,0,19958,0,0,0,0,88,0
765,2017-09-29,0,0,0,0,0,0,0,0,0,0,19958,14988,19958,0,0,15545,0,0,0,19958,0,19958,88,0
766,2017-10-02,0,0,0,0,0,0,0,0,0,19958,0,13870,19958,0,0,14712,19958,19958,88,0,0,19958,88,0
767,2017-10-03,0,0,0,0,0,0,0,0,0,19958,0,14779,19958,0,0,14948,0,0,88,19958,0,0,0,0
768,2017-10-05,0,0,0,0,0,0,0,0,0,19958,0,14336,19958,0,0,14799,0,19958,0,0,0,0,88,0
769,2017-10-06,0,0,0,0,0,0,0,0,0,19958,0,15142,19958,0,0,15466,0,0,88,0,0,19958,88,0
770,2017-10-09,0,0,0,0,0,0,0,0,0,19958,0,13890,19958,0,0,14478,0,19958,88,0,0,19958,88,0
771,2017-10-12,0,0,0,0,0,0,0,0,0,19958,0,14307,19958,0,0,14871,19958,19958,88,0,0,19958,88,0
772,2017-10-13,0,0,0,0,0,0,0,0,0,19958,0,15231,19958,0,0,15648,0,0,88,19958,0,0,88,0
773,2017-10-16,0,0,0,0,0,0,0,0,0,19958,0,13875,19958,0,0,14447,0,19958,88,0,0,0,88,0
774,2017-10-17,0,0,0,0,0,0,0,0,0,19958,0,14380,19958,0,0,15169,0,0,88,0,0,0,0,0
775,2017-10-20,0,0,0,0,0,0,0,0,0,19958,0,15040,19958,0,0,15678,0,0,88,0,0,0,88,0
776,2017-11-06,0,0,0,0,0,0,0,0,19958,0,0,13954,19958,0,0,14472,0,19958,0,0,0,0,88,0
777,2017-11-07,0,0,0,0,0,0,0,0,19958,0,0,15023,19958,0,0,15193,0,0,88,19958,0,19958,0,0
778,2017-11-09,0,0,0,0,0,0,0,0,19958,0,0,14378,19958,0,0,14897,0,19958,88,0,0,0,88,0
779,2017-11-10,0,0,0,0,0,0,0,0,19958,0,0,14981,19958,0,0,15495,0,0,88,19958,0,0,88,0
780,2017-11-13,0,0,0,0,0,0,0,0,19958,0,0,13960,19958,0,0,14530,0,19958,0,0,0,19958,88,0
781,2017-11-14,0,0,0,0,0,0,0,0,19958,0,0,14245,19958,0,19958,14866,19958,19958,0,0,0,0,0,0
782,2017-11-17,0,0,0,0,0,0,0,0,19958,0,0,15288,19958,0,19958,16954,0,0,0,19958,0,0,88,0
783,2017-11-20,0,0,0,0,0,0,0,0,19958,0,0,13872,19958,0,0,14642,0,19958,88,0,0,19958,88,0
784,2017-11-21,0,0,0,0,0,0,0,0,19958,0,0,14831,19958,0,0,15342,0,0,0,19958,0,0,88,0
785,2017-11-23,0,0,0,0,0,0,0,0,19958,0,0,14268,19958,0,0,14844,0,19958,88,0,0,0,88,0
786,2017-11-24,0,0,0,0,0,0,0,0,19958,0,0,15092,19958,0,0,15779,0,0,0,19958,0,0,0,0
787,2017-11-27,0,0,0,0,0,0,0,0,19958,0,0,14019,19958,0,0,14701,0,19958,88,0,0,0,88,0
788,2017-11-28,0,0,0,0,0,0,0,0,19958,0,0,14156,19958,0,0,14889,0,19958,0,0,0,19958,88,0
789,2017-11-30,0,0,0,0,0,0,0,0,19958,0,0,14307,19958,0,0,15053,0,19958,88,0,0,19958,88,0
790,2017-12-01,0,19958,0,0,0,0,0,0,0,0,0,15140,19958,0,0,15656,0,0,0,19958,0,19958,0,0
791,2017-12-04,0,19958,0,0,0,0,0,0,0,0,0,13822,19958,0,0,14719,0,19958,0,0,0,0,88,0
792,2017-12-05,0,19958,0,0,0,0,0,0,0,0,0,14177,19958,0,0,14959,0,19958,88,0,0,19958,0,0
793,2017-12-07,0,19958,0,0,0,0,0,0,0,0,0,14217,19958,0,0,15163,0,19958,88,0,0,19958,88,0
794,2017-12-08,0,19958,0,0,0,0,0,0,0,0,0,15104,19958,0,0,16086,0,0,88,19958,0,19958,88,0
795,2017-12-11,0,19958,0,0,0,0,0,0,0,0,0,13605,19958,0,0,14692,19958,19958,88,0,0,19958,88,0
796,2017-12-12,0,19958,0,0,0,0,0,0,0,0,0,14588,19958,0,0,15246,0,0,88,19958,0,0,0,0
797,2017-12-14,0,19958,0,0,0,0,0,0,0,0,0,14022,19958,0,0,14931,0,19958,0,0,0,0,88,0
798,2017-12-15,0,19958,0,0,0,0,0,0,0,0,0,14790,19958,0,0,15638,0,0,88,0,0,19958,88,0
799,2017-12-18,0,19958,0,0,0,0,0,0,0,0,0,13791,19958,0,0,14807,0,0,88,0,0,0,0,0
800,2017-12-19,0,19958,0,0,0,0,0,0,0,0,0,13948,19958,0,0,14989,19958,19958,0,0,0,19958,88,0
801,2017-12-21,0,19958,0,0,0,0,0,0,0,0,0,15043,19958,0,19958,16941,0,19958,0,0,19958,0,0,0
802,2017-12-22,0,19958,0,0,0,0,0,0,0,0,0,14375,19958,0,19958,16054,0,0,88,19958,0,19958,88,0
803,2018-01-08,0,0,0,19958,0,0,0,0,0,0,0,13859,19958,0,0,14612,0,19958,0,0,0,19958,88,0
804,2018-01-09,0,0,0,19958,0,0,0,0,0,0,0,14143,19958,0,0,14919,0,19958,88,0,0,19958,0,0
805,2018-01-11,0,0,0,19958,0,0,0,0,0,0,0,14626,19958,0,0,15181,0,19958,0,0,0,0,0,0
806,2018-01-12,0,0,0,19958,0,0,0,0,0,0,0,15242,19958,0,0,15936,0,0,0,19958,0,19958,88,0
807,2018-01-15,0,0,0,19958,0,0,0,0,0,0,0,13852,19958,0,0,14690,19958,19958,88,0,0,0,88,0
808,2018-01-16,0,0,0,19958,0,0,0,0,0,0,0,14909,19958,0,0,15486,0,0,0,19958,0,19958,0,0
809,2018-01-18,0,0,0,19958,0,0,0,0,0,0,0,14363,19958,0,0,14974,0,19958,88,0,0,0,88,0
810,2018-01-19,0,0,0,19958,0,0,0,0,0,0,0,14954,19958,0,0,15866,0,0,88,0,0,19958,0,0
811,2018-01-22,0,0,0,19958,0,0,0,0,0,0,0,13898,19958,0,0,14518,0,19958,0,0,0,19958,88,0
812,2018-01-23,0,0,0,19958,0,0,0,0,0,0,0,14126,19958,0,0,14893,19958,19958,88,0,0,19958,0,0
813,2018-01-25,0,0,0,19958,0,0,0,0,0,0,0,14126,19958,0,0,15077,0,19958,0,0,0,19958,88,0
814,2018-01-26,0,0,0,19958,0,0,0,0,0,0,0,14974,19958,0,0,15816,0,0,88,19958,0,19958,88,0
815,2018-01-29,0,0,0,19958,0,0,0,0,0,0,0,13893,19958,0,0,14620,0,19958,0,0,0,0,88,0
816,2018-01-30,0,0,0,19958,0,0,0,0,0,0,0,14817,19958,0,0,15458,0,0,0,19958,0,19958,88,0
817,2018-02-01,0,0,19958,0,0,0,0,0,0,0,0,14147,19958,0,0,15007,0,19958,88,0,0,0,88,0
818,2018-02-02,0,0,19958,0,0,0,0,0,0,0,0,15195,19958,0,0,16012,0,0,88,19958,0,19958,88,0
819,2018-02-05,0,0,19958,0,0,0,0,0,0,0,0,13857,19958,0,0,14604,0,19958,0,0,0,0,88,0
820,2018-02-06,0,0,19958,0,0,0,0,0,0,0,0,13890,19958,0,0,15021,0,19958,0,0,0,0,0,0
821,2018-02-08,0,0,19958,0,0,0,0,0,0,0,0,14079,19958,19958,0,14969,19958,19958,88,0,0,0,0,0
822,2018-02-13,0,0,19503,0,0,0,0,0,0,0,0,12726,19503,0,19503,14341,0,19503,85,0,0,19503,85,0
823,2018-02-15,0,0,19833,0,0,0,0,0,0,0,0,13211,19833,0,19833,14705,0,0,87,0,0,0,87,0
824,2018-02-16,0,0,16613,0,0,0,0,0,0,0,0,12264,16613,0,16613,13345,0,0,0,16613,0,16613,0,0
825,2018-02-19,0,0,19958,0,0,0,0,0,0,0,0,14360,19958,0,0,14736,0,0,88,19958,0,19958,88,0
826,2018-02-20,0,0,19186,0,0,0,0,0,0,0,0,13191,19186,0,19186,17283,19186,19186,83,0,0,19186,83,0
827,2018-02-22,0,0,19958,0,0,0,0,0,0,0,0,14146,19958,0,0,15082,0,19958,88,0,0,0,0,0
828,2018-02-23,0,0,19958,0,0,0,0,0,0,0,0,14644,19958,0,0,15846,0,0,88,0,0,0,0,0
829,2018-03-12,0,0,0,0,0,0,0,19958,0,0,0,13806,19958,0,0,14627,0,19958,88,0,0,19958,0,0
830,2018-03-13,0,0,0,0,0,0,0,19958,0,0,0,14822,19958,0,0,15349,0,0,88,19958,0,19958,88,0
831,2018-03-15,0,0,0,0,0,0,0,19958,0,0,0,14264,19958,0,0,14928,19958,19958,0,0,0,19958,0,0
832,2018-03-16,0,0,0,0,0,0,0,19958,0,0,0,15106,19958,0,0,15889,0,0,88,19958,0,0,88,0
833,2018-03-19,0,0,0,0,0,0,0,19958,0,0,0,13914,19958,0,0,15234,0,19958,88,0,0,0,88,0
834,2018-03-20,0,0,0,0,0,0,0,19958,0,0,0,14325,19958,0,0,14805,0,19958,88,0,0,19958,0,0
835,2018-03-23,0,0,0,0,0,0,0,19958,0,0,0,14978,19958,0,0,15860,0,0,88,19958,0,0,88,0
836,2018-03-26,0,0,0,0,0,0,0,19958,0,0,0,13782,19958,0,0,14538,19958,19958,88,0,0,19958,88,0
837,2018-03-27,0,0,0,0,0,0,0,19958,0,0,0,14886,19958,0,0,15192,0,0,0,19958,0,19958,0,0
838,2018-03-29,0,0,0,0,0,0,0,19958,0,0,0,14189,19958,0,0,14931,0,19958,88,0,0,0,88,0
839,2018-03-30,0,0,0,0,0,0,0,19958,0,0,0,14709,19958,0,0,15585,0,0,0,0,0,19958,88,0
840,2018-04-03,19958,0,0,0,0,0,0,0,0,0,0,13993,19958,19958,0,15106,0,19958,0,0,0,19958,0,0
841,2018-04-05,19958,0,0,0,0,0,0,0,0,0,0,14313,19958,0,0,15057,0,19958,0,0,0,0,88,0
842,2018-04-06,14248,0,0,0,0,0,0,0,0,0,0,10413,14248,0,0,11530,0,0,0,14248,0,14248,68,0
843,2018-04-09,19958,0,0,0,0,0,0,0,0,0,0,13900,19958,19958,0,14674,0,19958,0,0,0,0,88,0
844,2018-04-10,19958,0,0,0,0,0,0,0,0,0,0,14870,19958,0,0,15271,0,0,88,19958,0,19958,88,0
845,2018-04-12,19958,0,0,0,0,0,0,0,0,0,0,14564,19958,0,0,15033,0,19958,0,0,0,0,0,0
846,2018-04-13,19958,0,0,0,0,0,0,0,0,0,0,15044,19958,19958,0,15780,0,0,88,0,0,0,88,0
847,2018-04-16,19958,0,0,0,0,0,0,0,0,0,0,14135,19958,0,0,14737,0,19958,88,0,0,0,88,0
848,2018-04-17,19958,0,0,0,0,0,0,0,0,0,0,14216,19958,0,0,14887,0,19958,0,0,0,0,88,0
849,2018-04-20,19958,0,0,0,0,0,0,0,0,0,0,15122,19958,0,0,15807,0,0,88,19958,0,0,0,0
850,2018-04-23,19958,0,0,0,0,0,0,0,0,0,0,13689,19958,19958,0,14631,19958,19958,88,0,0,0,88,0
851,2018-04-24,19958,0,0,0,0,0,0,0,0,0,0,13941,19958,19958,0,14995,0,19958,88,0,0,19958,0,0
852,2018-05-14,0,0,0,0,0,0,19958,0,0,0,0,13997,19958,19958,0,14700,0,19958,0,0,0,19958,88,0
853,2018-05-15,0,0,0,0,0,0,19958,0,0,0,0,15049,19958,0,0,15500,0,0,88,19958,0,0,88,0
854,2018-05-17,0,0,0,0,0,0,19958,0,0,0,0,14273,19958,0,0,14968,0,19958,0,0,0,0,0,0
855,2018-05-18,0,0,0,0,0,0,19958,0,0,0,0,14789,19958,19958,0,15663,0,0,88,0,0,19958,0,0
856,2018-05-24,0,0,0,0,0,0,19958,0,0,0,0,14385,19958,19958,19958,15094,19958,19958,0,0,0,0,88,0
857,2018-05-25,0,0,0,0,0,0,19958,0,0,0,0,14788,19958,0,0,15901,0,0,0,19958,0,19958,88,0
858,2018-05-28,0,0,0,0,0,0,19958,0,0,0,0,13906,19958,19958,0,14595,0,19958,88,0,0,0,88,0
859,2018-05-29,0,0,0,0,0,0,19958,0,0,0,0,14403,19958,19958,0,15333,0,19958,0,0,0,0,0,0
860,2018-05-31,0,0,0,0,0,0,19958,0,0,0,0,14154,19958,0,0,15019,0,19958,88,0,0,19958,88,0
861,2018-06-01,0,0,0,0,0,19958,0,0,0,0,0,14593,19958,0,0,15651,0,0,87,19958,0,19958,0,0
862,2018-06-04,0,0,0,0,0,19958,0,0,0,0,0,13823,19958,0,19958,14745,19958,19958,87,0,0,0,87,0
863,2018-06-05,0,0,0,0,0,19867,0,0,0,0,0,14744,19867,0,0,15253,0,0,0,19867,0,19867,0,0
864,2018-06-07,0,0,0,0,0,19958,0,0,0,0,0,14209,19958,19958,0,14870,0,19958,87,0,0,0,0,0
865,2018-06-08,0,0,0,0,0,19958,0,0,0,0,0,14869,19958,19958,0,15705,0,0,87,0,0,0,87,0
866,2018-06-11,0,0,0,0,0,19958,0,0,0,0,0,13722,19958,0,0,14538,0,19958,0,0,0,19958,87,0
867,2018-06-12,0,0,0,0,0,19958,0,0,0,0,0,14045,19958,19958,0,15074,0,19958,0,0,0,19958,87,0
868,2018-06-14,0,0,0,0,0,19958,0,0,0,0,0,14055,19958,0,0,14771,19958,19958,87,0,0,19958,87,0
869,2018-06-15,0,0,0,0,0,19958,0,0,0,0,0,13108,19958,0,0,15718,0,0,0,19958,0,0,87,0
870,2018-06-18,0,0,0,0,0,19958,0,0,0,0,0,13503,19958,19958,0,14629,0,19958,87,0,0,0,87,0
871,2018-06-19,0,0,0,0,0,19958,0,0,0,0,0,14418,19958,0,0,14937,0,0,87,19958,0,0,87,0
872,2018-06-21,0,0,0,0,0,19958,0,0,0,0,0,13850,19958,0,0,14489,0,19958,0,0,0,19958,87,0
873,2018-06-22,0,0,0,0,0,19958,0,0,0,0,0,14232,19958,19958,0,14929,0,0,87,0,0,0,0,0
874,2018-06-25,0,0,0,0,0,19885,0,0,0,0,0,13333,19885,0,0,13989,0,19885,86,0,0,0,86,0
875,2018-06-28,0,0,0,0,0,14319,0,0,0,0,0,9779,14319,14319,14319,10018,0,0,0,0,0,0,0,0
876,2018-06-29,0,0,0,0,0,19958,0,0,0,0,0,14363,19958,0,0,15077,0,0,87,19958,0,19958,87,0
877,2018-07-02,0,0,0,0,19797,0,0,0,0,0,0,13052,19797,0,0,13012,0,0,0,0,0,0,86,0
878,2018-07-03,0,0,0,0,19557,0,0,0,0,0,0,13031,19557,0,0,12442,0,19557,85,0,0,19557,0,0
879,2018-07-05,0,0,0,0,19848,0,0,0,0,0,0,13126,19848,0,0,15413,19848,19848,0,0,0,0,86,0
880,2018-07-06,0,0,0,0,19853,0,0,0,0,0,0,13677,19853,19853,0,14627,0,0,0,19853,0,0,86,0
881,2018-09-03,0,0,0,0,0,0,0,0,0,0,20135,12554,20135,0,0,12780,0,20135,0,0,0,20135,85,0
882,2018-09-04,0,0,0,0,0,0,0,0,0,0,20344,14095,20344,0,0,14582,0,0,0,20344,0,20344,87,0
883,2018-09-06,0,0,0,0,0,0,0,0,0,0,20344,14259,20344,0,0,14553,0,20344,0,0,0,0,87,0
884,2018-09-07,0,0,0,0,0,0,0,0,0,0,20344,14892,20344,0,0,15206,0,0,0,0,0,0,0,0
885,2018-09-10,0,0,0,0,0,0,0,0,0,0,20344,14019,20344,0,20344,14344,0,20344,0,0,0,20344,0,0
886,2018-09-11,0,0,0,0,0,0,0,0,0,0,20344,14404,20344,0,0,14611,0,20344,0,0,0,0,87,0
887,2018-09-13,0,0,0,0,0,0,0,0,0,0,20344,14271,20344,0,0,14820,0,20344,87,0,0,0,87,0
888,2018-09-14,0,0,0,0,0,0,0,0,0,0,20344,15058,20344,0,0,15485,0,0,87,20344,0,20344,87,0
889,2018-09-17,0,0,0,0,0,0,0,0,0,0,20344,14131,20344,0,0,14514,0,20344,0,0,0,0,87,0
890,2018-09-18,0,0,0,0,0,0,0,0,0,0,20344,14417,20344,0,0,14910,0,20344,0,0,0,0,0,0
891,2018-09-20,0,0,0,0,0,0,0,0,0,0,20344,14476,20344,0,0,14868,0,20344,87,0,0,0,87,0
892,2018-09-21,0,0,0,0,0,0,0,0,0,0,20344,15140,20344,0,0,15578,0,0,0,20344,0,20344,87,0
893,2018-09-24,0,0,0,0,0,0,0,0,0,0,20344,14239,20344,0,0,14336,0,20344,0,0,0,20344,0,0
894,2018-09-25,0,0,0,0,0,0,0,0,0,0,20344,14362,20344,0,0,15115,0,20344,0,0,0,20344,0,0
895,2018-09-27,0,0,0,0,0,0,0,0,0,0,20344,15044,20344,0,0,14897,0,0,87,20344,0,20344,0,0
896,2018-09-28,0,0,0,0,0,0,0,0,0,0,20344,15207,20344,0,0,15587,0,0,87,0,0,20344,0,0
897,2018-10-01,0,0,0,0,0,0,0,0,0,20344,0,14308,20344,0,0,14868,0,20344,0,0,0,0,0,0
898,2018-10-02,0,0,0,0,0,0,0,0,0,20344,0,14547,20344,0,0,15205,20344,20344,87,0,0,20344,0,0
899,2018-10-04,0,0,0,0,0,0,0,0,0,20344,0,14417,20344,0,0,15244,0,20344,87,0,0,0,87,0
900,2018-10-05,0,0,0,0,0,0,0,0,0,20344,0,15336,20344,0,0,15744,0,0,87,20344,0,20344,0,0
901,2018-10-08,0,0,0,0,0,0,0,0,0,20344,0,14503,20344,0,0,15008,0,0,0,20344,0,0,87,0
902,2018-10-11,0,0,0,0,0,0,0,0,0,20344,0,14678,20344,0,0,15053,0,20344,0,0,0,0,87,0
903,2018-10-12,0,0,0,0,0,0,0,0,0,20344,0,15236,20344,0,0,15552,0,0,0,0,0,0,0,0
904,2018-10-15,0,0,0,0,0,0,0,0,0,20344,0,14277,20344,0,0,14965,20344,20344,0,0,0,20344,0,0
905,2018-10-18,0,0,0,0,0,0,0,0,0,20344,0,14423,20344,0,0,14990,0,20344,87,0,0,0,87,0
906,2018-10-19,0,0,0,0,0,0,0,0,0,20344,0,15305,20344,0,0,15792,0,0,87,20344,0,20344,87,0
907,2018-11-05,0,0,0,0,0,0,0,0,20344,0,0,14213,20344,0,0,15037,0,20344,0,0,0,0,0,0
908,2018-11-06,0,0,0,0,0,0,0,0,20344,0,0,14623,20344,0,0,15311,20344,20344,87,0,0,20344,0,0
909,2018-11-08,0,0,0,0,0,0,0,0,20344,0,0,14616,20344,0,0,15323,0,20344,87,0,0,0,87,0
910,2018-11-09,0,0,0,0,0,0,0,0,20344,0,0,15544,20344,0,0,15963,0,0,87,20344,0,20344,0,0
911,2018-11-13,0,0,0,0,0,0,0,0,20344,0,0,15107,20344,0,0,15680,0,0,87,20344,0,20344,87,0
912,2018-11-15,0,0,0,0,0,0,0,0,20344,0,0,14618,20344,0,0,15285,0,20344,0,0,0,0,87,0
913,2018-11-16,0,0,0,0,0,0,0,0,20344,0,0,15225,20344,0,0,15897,0,0,0,0,0,20344,0,0
914,2018-11-19,0,0,0,0,0,0,0,0,20344,0,0,14258,20344,0,0,14815,20344,20344,0,0,0,20344,0,0
915,2018-11-20,0,0,0,0,0,0,0,0,20344,0,0,14464,20344,0,0,14982,0,20344,0,0,0,0,87,0
916,2018-11-22,0,0,0,0,0,0,0,0,20344,0,0,14299,20344,0,0,14839,0,20344,0,0,0,0,87,0
917,2018-11-23,0,0,0,0,0,0,0,0,20344,0,0,15337,20344,0,0,15583,0,0,87,20344,0,20344,87,0
918,2018-11-26,0,0,0,0,0,0,0,0,20344,0,0,14420,20344,0,0,15391,0,0,87,0,0,20344,0,0
919,2018-11-27,0,0,0,0,0,0,0,0,20344,0,0,14356,20344,0,0,15311,0,20344,0,0,0,0,87,0
920,2018-11-29,0,0,0,0,0,0,0,0,20344,0,0,14435,20344,0,0,15315,0,20344,87,0,0,20344,87,0
921,2018-11-30,0,0,0,0,0,0,0,0,20344,0,0,15088,20344,0,0,16042,0,0,87,20344,0,20344,87,0
922,2018-12-03,0,20344,0,0,0,0,0,0,0,0,0,14196,20344,0,0,15222,20344,20344,0,0,0,20344,0,0
923,2018-12-04,0,20344,0,0,0,0,0,0,0,0,0,14363,20344,0,0,15212,0,20344,0,0,0,20344,0,0
924,2018-12-06,0,20344,0,0,0,0,0,0,0,0,0,15132,20344,0,0,15821,0,0,87,20344,0,20344,0,0
925,2018-12-07,0,20344,0,0,0,0,0,0,0,0,0,15180,20344,0,0,16013,0,0,87,0,0,20344,0,0
926,2018-12-10,0,20344,0,0,0,0,0,0,0,0,0,14117,20344,0,0,15042,0,20344,0,0,0,0,87,0
927,2018-12-11,0,20344,0,0,0,0,0,0,0,0,0,14613,20344,0,20344,15404,20344,20344,87,0,0,20344,0,0
928,2018-12-13,0,20344,0,0,0,0,0,0,0,0,0,14568,20344,0,0,15436,0,20344,87,0,0,0,87,0
929,2018-12-17,0,20344,0,0,0,0,0,0,0,0,0,14200,20344,0,0,15019,0,20344,0,0,0,20344,87,0
930,2018-12-18,0,20344,0,0,0,0,0,0,0,0,0,15295,20344,0,0,15932,0,0,87,20344,0,20344,87,0
931,2018-12-20,0,20344,0,0,0,0,0,0,0,0,0,15536,20344,0,0,16962,0,20344,0,0,20344,0,87,0
932,2018-12-21,0,20072,0,0,0,0,0,0,0,0,0,14840,20072,0,0,15859,0,0,86,0,0,20072,0,0
933,2019-01-07,0,0,0,20344,0,0,0,0,0,0,0,14082,20344,0,0,15090,0,20344,87,0,0,20344,87,0
934,2019-01-08,0,0,0,18305,0,0,0,0,0,0,0,12079,18305,0,0,14181,0,0,78,18305,0,18305,0,0
935,2019-01-11,0,0,0,16730,0,0,0,0,0,0,0,11413,16730,0,0,13445,0,0,72,0,0,16730,72,0
936,2019-01-14,0,0,0,19362,0,0,0,0,0,0,0,13122,19362,0,19362,14341,0,19362,83,0,0,0,83,0
937,2019-01-15,0,0,0,19250,0,0,0,0,0,0,0,13095,19250,0,19250,14796,0,0,0,0,0,19250,0,0
938,2019-01-17,0,0,0,19695,0,0,0,0,0,0,0,13273,19695,0,19695,14748,0,19695,0,0,0,0,84,0
939,2019-01-18,0,0,0,18869,0,0,0,0,0,0,0,13292,18869,0,18869,14808,0,0,80,18869,0,18869,0,0
940,2019-01-21,0,0,0,19287,0,0,0,0,0,0,0,13024,19287,0,19287,14406,0,19287,83,0,0,19287,0,0
941,2019-01-22,0,0,0,19602,0,0,0,0,0,0,0,13809,19602,0,19602,15573,0,0,84,19602,0,0,84,0
942,2019-01-24,0,0,0,19781,0,0,0,0,0,0,0,13311,19781,0,19781,15139,0,19781,0,0,0,19781,0,0
943,2019-01-25,0,0,0,20344,0,0,0,0,0,0,0,14988,20344,0,20344,16039,0,0,87,0,0,20344,0,0
944,2019-01-28,0,0,0,20344,0,0,0,0,0,0,0,13942,20344,0,0,15220,20344,20344,0,0,0,0,0,0
945,2019-01-29,0,0,0,20344,0,0,0,0,0,0,0,14245,20344,0,0,15374,0,20344,0,0,0,0,0,0
946,2019-01-31,0,0,0,20344,0,0,0,0,0,0,0,14160,20344,0,0,15398,0,20344,87,0,0,0,87,0
947,2019-02-01,0,0,20344,0,0,0,0,0,0,0,0,14922,20344,0,0,16091,0,0,87,20344,0,20344,87,0
948,2019-02-04,0,0,19867,0,0,0,0,0,0,0,0,13271,19867,0,19867,14826,0,0,0,0,0,19867,0,0
949,2019-02-08,0,0,20344,0,0,0,0,0,0,0,0,14563,20344,0,0,16146,0,0,0,20344,0,0,87,0
950,2019-02-25,0,0,20344,0,0,0,0,0,0,0,0,13998,20344,0,0,15014,0,20344,87,0,0,20344,0,0
951,2019-02-26,0,0,20344,0,0,0,0,0,0,0,0,15294,20344,0,0,15832,0,0,87,20344,0,0,87,0
952,2019-02-28,0,0,20344,0,0,0,0,0,0,0,0,14502,20344,0,0,15355,0,20344,0,0,0,20344,87,0
953,2019-03-01,0,0,0,0,0,0,0,20344,0,0,0,15426,20344,0,0,15956,0,0,87,0,0,20344,0,0
954,2019-03-04,0,0,0,0,0,0,0,20344,0,0,0,13584,20344,0,0,15372,20344,20344,87,0,0,0,87,0
955,2019-03-05,0,0,0,0,0,0,0,20344,0,0,0,14533,20344,0,0,15508,0,20344,0,0,0,20344,0,0
956,2019-03-07,0,0,0,0,0,0,0,20344,0,0,0,14635,20344,0,0,15466,0,20344,0,0,0,0,87,0
957,2019-03-08,0,0,0,0,0,0,0,18429,0,0,0,13419,18429,18429,0,14676,0,0,79,18429,0,18429,79,0
958,2019-03-11,0,0,0,0,0,0,0,19862,0,0,0,13116,19862,0,0,14786,0,0,0,0,0,0,0,0
959,2019-03-12,0,0,0,0,0,0,0,20344,0,0,0,14283,20344,0,0,15339,0,20344,87,0,0,20344,0,0
960,2019-03-14,0,0,0,0,0,0,0,20143,0,0,0,13531,20143,0,20143,15065,0,20143,85,0,0,0,0,0
961,2019-03-15,0,0,0,0,0,0,0,18149,0,0,0,12354,18149,0,18149,14286,0,0,77,18149,0,18149,77,0
962,2019-03-18,0,0,0,0,0,0,0,20344,0,0,0,14064,20344,0,0,14942,20344,20344,0,0,0,20344,0,0
963,2019-03-21,0,0,0,0,0,0,0,20344,0,0,0,15181,20344,0,20344,15802,0,0,87,20344,0,20344,87,0
964,2019-03-22,0,0,0,0,0,0,0,20344,0,0,0,15080,20344,0,20344,15929,0,0,0,0,0,20344,87,0
965,2019-03-25,0,0,0,0,0,0,0,20344,0,0,0,14024,20344,0,20344,15111,0,20344,87,0,0,0,87,0
966,2019-03-26,0,0,0,0,0,0,0,20344,0,0,0,15265,20344,0,20344,16048,0,0,87,0,0,20344,0,0
967,2019-03-28,0,0,0,0,0,0,0,20047,0,0,0,14136,20047,0,20047,15206,0,20047,86,0,0,0,86,0
968,2019-03-29,0,0,0,0,0,0,0,20344,0,0,0,15138,20344,0,20344,15978,0,0,0,20344,0,20344,0,0
969,2019-04-01,20344,0,0,0,0,0,0,0,0,0,0,13995,20344,0,0,15011,0,20344,0,0,0,20344,87,0
970,2019-04-02,20344,0,0,0,0,0,0,0,0,0,0,14276,20344,0,20344,15837,0,0,0,20344,0,0,87,0
971,2019-04-04,20147,0,0,0,0,0,0,0,0,0,0,12853,20147,0,20147,15077,0,20147,0,0,0,20147,85,0
972,2019-04-05,20344,0,0,0,0,0,0,0,0,0,0,14228,20344,0,0,15969,0,0,0,0,0,20344,0,0
973,2019-04-23,20344,0,0,0,0,0,0,0,0,0,0,14364,20344,0,0,15321,0,20344,0,0,0,20344,0,0
974,2019-04-25,20344,0,0,0,0,0,0,0,0,0,0,15074,20344,0,0,15942,0,0,87,20344,0,20344,87,0
975,2019-04-26,20226,0,0,0,0,0,0,0,0,0,0,14536,20226,0,0,15917,0,0,86,0,0,20226,86,0
976,2019-04-29,20344,0,0,0,0,0,0,0,0,0,0,14128,20344,0,0,15170,0,20344,0,0,0,20344,87,0
977,2019-04-30,20344,0,0,0,0,0,0,0,0,0,0,14952,20344,0,0,15716,0,0,87,0,0,20344,87,0
978,2019-05-02,0,0,0,0,0,0,20344,0,0,0,0,14466,20344,0,20344,15753,0,20344,0,0,0,20344,87,0
979,2019-05-03,0,0,0,0,0,0,20344,0,0,0,0,15165,20344,0,0,16253,0,0,87,20344,0,0,0,0
980,2019-05-06,0,0,0,0,0,0,20344,0,0,0,0,14150,20344,0,0,15224,0,20344,0,0,0,20344,87,0
981,2019-05-07,0,0,0,0,0,0,20344,0,0,0,0,15029,20344,0,0,16031,0,0,87,20344,0,20344,87,0
982,2019-05-10,0,0,0,0,0,0,20344,0,0,0,0,14776,20344,0,0,16168,0,0,87,0,0,0,0,0
983,2019-05-13,0,0,0,0,0,0,20344,0,0,0,0,14150,20344,0,0,15088,0,20344,0,0,0,0,87,0
984,2019-05-14,0,0,0,0,0,0,20344,0,0,0,0,15220,20344,0,0,15867,0,0,87,0,0,20344,87,0
985,2019-05-16,0,0,0,0,0,0,20344,0,0,0,0,14351,20344,0,0,15275,0,20344,87,0,0,0,87,0
986,2019-05-17,0,0,0,0,0,0,20344,0,0,0,0,15108,20344,0,0,16113,0,0,0,20344,0,20344,87,0
987,2019-05-20,0,0,0,0,0,0,20344,0,0,0,0,14316,20344,0,0,15199,0,0,87,0,0,0,0,0
988,2019-05-21,0,0,0,0,0,0,20344,0,0,0,0,14353,20344,0,20344,15624,0,20344,0,0,0,0,0,0
989,2019-05-23,0,0,0,0,0,0,20344,0,0,0,0,14450,20344,0,0,15495,0,20344,0,0,0,20344,87,0
990,2019-05-24,0,0,0,0,0,0,20344,0,0,0,0,15356,20344,0,0,16258,0,0,0,20344,0,0,87,0
991,2019-05-27,0,0,0,0,0,0,20344,0,0,0,0,14138,20344,0,0,15108,20344,20344,0,0,0,20344,87,0
992,2019-05-28,0,0,0,0,0,0,20344,0,0,0,0,14566,20344,0,0,15377,0,20344,0,0,0,20344,0,0
993,2019-06-03,0,0,0,0,0,20344,0,0,0,0,0,13906,20344,0,0,14897,0,20344,0,0,0,20344,87,0
994,2019-06-04,0,0,0,0,0,15532,0,0,0,0,0,9636,15532,15532,0,11615,0,0,0,0,0,0,65,0
995,2019-06-06,0,0,0,0,0,20344,0,0,0,0,0,14409,20344,0,0,15214,0,20344,87,0,0,20344,87,0
996,2019-06-07,0,0,0,0,0,20344,0,0,0,0,0,14890,20344,0,0,16006,0,0,0,20344,0,0,87,0
997,2019-06-11,0,0,0,0,0,20344,0,0,0,0,0,15028,20344,0,0,15431,0,0,0,0,0,0,87,0
998,2019-06-13,0,0,0,0,0,20344,0,0,0,0,0,14265,20344,0,20344,15056,0,20344,87,0,0,0,0,0
999,2019-06-14,0,0,0,0,0,20344,0,0,0,0,0,15198,20344,0,0,15888,0,0,0,20344,0,0,87,0
1000,2019-06-17,0,0,0,0,0,20344,0,0,0,0,0,14414,20344,0,0,15146,0,0,0,0,0,20344,0,0
1001,2019-06-18,0,0,0,0,0,20344,0,0,0,0,0,14118,20344,0,0,15151,0,20344,87,0,0,20344,87,0
1002,2019-06-20,0,0,0,0,0,20228,0,0,0,0,0,13569,20228,0,0,14418,0,20228,86,0,0,0,86,0
1003,2019-06-21,0,0,0,0,0,20344,0,0,0,0,0,14511,20344,0,0,15366,0,0,0,20344,0,20344,0,0
1004,2019-06-24,0,0,0,0,0,20260,0,0,0,0,0,14023,20260,0,0,14910,0,0,86,0,0,20260,86,0
1005,2019-06-25,0,0,0,0,0,20344,0,0,0,0,0,13962,20344,0,0,15105,0,20344,0,0,0,20344,0,0
1006,2019-06-27,0,0,0,0,0,20344,0,0,0,0,0,12691,20344,0,0,14897,20344,20344,87,0,0,0,0,0
1007,2019-06-28,0,0,0,0,0,19429,0,0,0,0,0,12465,19429,0,0,15301,0,0,85,19429,0,0,85,0
1008,2019-07-01,0,0,0,0,20197,0,0,0,0,0,0,13282,20197,0,0,13848,0,20197,0,0,0,20197,86,0
1009,2019-07-02,0,0,0,0,20275,0,0,0,0,0,0,13170,20275,0,20275,13534,20275,20275,86,0,0,20275,0,0
1010,2019-07-04,0,0,0,0,20344,0,0,0,0,0,0,13433,20344,0,0,14422,0,0,87,0,0,0,0,0
1011,2019-07-05,0,0,0,0,20344,0,0,0,0,0,0,14346,20344,0,0,15623,0,0,87,20344,0,0,0,0
1012,2019-09-02,0,0,0,0,0,0,0,0,0,0,20461,13530,20461,0,0,13129,0,0,0,0,0,20461,0,0
1013,2019-09-03,0,0,0,0,0,0,0,0,0,0,20685,14136,20685,0,0,14621,0,20685,87,0,0,0,87,0
1014,2019-09-05,0,0,0,0,0,0,0,0,0,0,20685,14375,20685,0,20685,14934,0,20685,0,0,0,0,87,0
1015,2019-09-06,0,0,0,0,0,0,0,0,0,0,20685,15187,20685,0,0,15742,0,0,87,20685,0,0,0,0
1016,2019-09-09,0,0,0,0,0,0,0,0,0,0,20685,14326,20685,0,0,14981,0,20685,87,0,0,0,87,0
1017,2019-09-10,0,0,0,0,0,0,0,0,0,0,20685,14676,20685,0,0,15170,0,20685,0,0,0,0,87,0
1018,2019-09-12,0,0,0,0,0,0,0,0,0,0,20685,15004,20685,0,20685,15536,0,0,0,0,0,20685,87,0
1019,2019-09-13,0,0,0,0,0,0,0,0,0,0,20685,15465,20685,0,0,16192,0,0,87,20685,0,0,0,0
1020,2019-09-16,0,0,0,0,0,0,0,0,0,0,20685,14427,20685,0,0,15004,0,20685,0,0,0,20685,0,0
1021,2019-09-17,0,0,0,0,0,0,0,0,0,0,20685,15249,20685,0,0,15621,0,0,87,0,0,0,87,0
1022,2019-09-19,0,0,0,0,0,0,0,0,0,0,20685,14758,20685,0,0,15426,0,20685,87,0,0,0,0,0
1023,2019-09-20,0,0,0,0,0,0,0,0,0,0,20685,15718,20685,0,0,16169,0,0,0,20685,0,20685,87,0
1024,2019-09-23,0,0,0,0,0,0,0,0,0,0,20685,14736,20685,0,0,15028,0,20685,87,0,0,20685,87,0
1025,2019-09-26,0,0,0,0,0,0,0,0,0,0,20685,14904,20685,0,0,15341,0,20685,87,0,0,0,0,0
1026,2019-09-27,0,0,0,0,0,0,0,0,0,0,20685,15777,20685,0,0,15982,0,0,87,0,0,20685,0,0
1027,2019-09-30,0,0,0,0,0,0,0,0,0,0,20685,14601,20685,0,0,15250,0,20685,87,0,0,0,87,0
1028,2019-10-01,0,0,0,0,0,0,0,0,0,20685,0,15520,20685,0,20685,15790,0,0,87,0,0,20685,0,0
1029,2019-10-03,0,0,0,0,0,0,0,0,0,20685,0,14911,20685,0,0,15438,0,20685,87,0,0,20685,0,0
1030,2019-10-04,0,0,0,0,0,0,0,0,0,20685,0,15783,20685,0,0,16045,0,0,0,20685,0,20685,87,0
1031,2019-10-07,0,0,0,0,0,0,0,0,0,20685,0,14916,20685,0,0,15612,0,0,87,0,0,0,87,0
1032,2019-10-08,0,0,0,0,0,0,0,0,0,20685,0,15005,20685,0,0,15610,0,20685,87,0,0,0,87,0
1033,2019-10-10,0,0,0,0,0,0,0,0,0,20685,0,14905,20685,0,0,15569,0,20685,87,0,0,0,87,0
1034,2019-10-11,0,0,0,0,0,0,0,0,0,20685,0,15850,20685,0,0,16364,0,0,87,20685,0,0,0,0
1035,2019-10-14,0,0,0,0,0,0,0,0,0,20685,0,14630,20685,0,0,15451,20685,20685,87,0,0,0,0,0
1036,2019-10-15,0,0,0,0,0,0,0,0,0,20685,0,14754,20685,0,0,15438,0,20685,87,0,0,20685,87,0
1037,2019-10-17,0,0,0,0,0,0,0,0,0,20685,0,15368,20685,0,0,16123,0,0,87,0,0,20685,87,0
1038,2019-10-18,0,0,0,0,0,0,0,0,0,20685,0,15615,20685,0,0,16513,0,0,0,20685,0,0,87,0
1039,2019-11-04,0,0,0,0,0,0,0,0,20685,0,0,15154,20685,0,0,15731,0,0,87,0,0,20685,87,0
1040,2019-11-05,0,0,0,0,0,0,0,0,20685,0,0,15039,20685,0,0,15679,0,20685,87,0,0,0,0,0
1041,2019-11-07,0,0,0,0,0,0,0,0,20685,0,0,14960,20685,0,0,15547,0,20685,0,0,0,20685,87,0
1042,2019-11-08,0,0,0,0,0,0,0,0,20685,0,0,15828,20685,0,0,16492,0,0,87,20685,0,0,87,0
1043,2019-11-12,0,0,0,0,0,0,0,0,20685,0,0,15427,20685,0,20685,16060,0,0,0,0,0,0,0,0
1044,2019-11-14,0,0,0,0,0,0,0,0,20685,0,0,14992,20685,0,0,15699,0,20685,0,0,0,0,87,0
1045,2019-11-15,0,0,0,0,0,0,0,0,20685,0,0,15906,20685,0,0,16800,0,0,0,20685,0,0,87,0
1046,2019-11-18,0,0,0,0,0,0,0,0,20685,0,0,15321,20685,0,0,16062,0,0,87,20685,0,20685,87,0
1047,2019-11-19,0,0,0,0,0,0,0,0,20685,0,0,14984,20685,0,0,15760,0,20685,0,0,0,20685,87,0
1048,2019-11-21,0,0,0,0,0,0,0,0,20685,0,0,14756,20685,0,0,15922,20685,20685,87,0,0,20685,0,0
1049,2019-11-22,0,0,0,0,0,0,0,0,20685,0,0,15495,20685,0,0,16493,0,0,87,0,0,0,0,0
1050,2019-11-25,0,0,0,0,0,0,0,0,20685,0,0,15142,20685,0,0,15880,0,0,87,0,0,20685,87,0
1051,2019-11-26,0,0,0,0,0,0,0,0,20685,0,0,14899,20685,0,0,15847,0,20685,87,0,0,0,87,0
1052,2019-11-28,0,0,0,0,0,0,0,0,20685,0,0,14866,20685,0,0,15832,0,20685,87,0,0,20685,87,0
1053,2019-11-29,0,0,0,0,0,0,0,0,20685,0,0,15787,20685,0,0,17201,0,0,87,20685,0,20685,0,0
1054,2019-12-02,0,20685,0,0,0,0,0,0,0,0,0,15256,20685,0,0,16151,0,0,0,0,0,0,87,0
1055,2019-12-03,0,20685,0,0,0,0,0,0,0,0,0,14898,20685,0,20685,15765,0,20685,0,0,0,0,87,0
1056,2019-12-09,0,16763,0,0,0,0,0,0,0,0,0,12007,16763,16763,0,13131,0,0,72,0,0,16763,72,0
1057,2019-12-10,0,14640,0,0,0,0,0,0,0,0,0,9942,14640,14640,0,11367,14640,14640,63,0,0,0,63,0
1058,2019-12-13,0,15914,0,0,0,0,0,0,0,0,0,11258,15914,15914,15914,13682,0,0,68,15914,0,0,0,0
1059,2019-12-16,0,18611,0,0,0,0,0,0,0,0,0,13490,18611,18611,18611,14595,0,0,80,0,0,0,0,0
1060,2019-12-19,0,15452,0,0,0,0,0,0,0,0,0,10979,15452,15452,15452,12223,0,15452,0,0,0,15452,66,0
